2	0	913647
2	913647	1902091
2	1902091	2952208
2	2952208	3933657
2	3933657	4927548
2	4927548	5976714
2	5976714	6905949
2	6905949	7849343
2	7849343	8897935
2	8897935	9978353
2	9978353	10990577
2	10990577	12262524
2	12262524	13402946
2	13402946	14411009
2	14411009	15400541
2	15400541	16307031
2	16307031	17191766
2	17191766	18154437
2	18154437	19033411
2	19033411	19981329
2	19981329	20958555
2	20958555	21909619
2	21909619	22949333
2	22949333	23984790
2	23984790	25050458
2	25050458	26035054
2	26035054	26997524
2	26997524	28038238
2	28038238	29026103
2	29026103	29992621
2	29992621	31017091
2	31017091	31970788
2	31970788	33058960
2	33058960	34026022
2	34026022	35057427
2	35057427	36017679
2	36017679	37025787
2	37025787	38109413
2	38109413	39143116
2	39143116	40208349
2	40208349	41334861
2	41334861	42534299
2	42534299	43582951
2	43582951	44600590
2	44600590	45623482
2	45623482	46531057
2	46531057	47728062
2	47728062	48690948
2	48690948	49667764
2	49667764	50925556
2	50925556	51934040
2	51934040	53003087
2	53003087	54120740
2	54120740	55207532
2	55207532	56156156
2	56156156	57143777
2	57143777	58156148
2	58156148	59215492
2	59215492	60168185
2	60168185	61224425
2	61224425	62277514
2	62277514	63256340
2	63256340	64367864
2	64367864	65433764
2	65433764	66477448
2	66477448	67544046
2	67544046	68523593
2	68523593	69460526
2	69460526	70469874
2	70469874	71642339
2	71642339	72583247
2	72583247	73723317
2	73723317	74777092
2	74777092	75734831
2	75734831	76708568
2	76708568	77706188
2	77706188	78647938
2	78647938	79727062
2	79727062	80782552
2	80782552	81776427
2	81776427	82812153
2	82812153	83793984
2	83793984	84795900
2	84795900	85756891
2	85756891	86833769
2	86833769	87863169
2	87863169	88861489
2	88861489	89917444
2	89917444	90887233
2	90887233	91906020
2	91906020	92929332
2	92929332	93921964
2	93921964	94946996
2	94946996	95918613
2	95918613	96894252
2	96894252	97881178
2	97881178	99042234
2	99042234	100017784
2	100017784	101060324
2	101060324	102051644
2	102051644	103002020
2	103002020	103962294
2	103962294	104986589
2	104986589	105907355
2	105907355	106936469
2	106936469	107888695
2	107888695	108819052
2	108819052	109828759
2	109828759	110731906
2	110731906	111711262
2	111711262	112754049
2	112754049	113910101
2	113910101	114989610
2	114989610	115930743
2	115930743	116982801
2	116982801	118012421
2	118012421	119027263
2	119027263	120047833
2	120047833	121018153
2	121018153	122024061
2	122024061	122947526
2	122947526	123847561
2	123847561	124805758
2	124805758	125844612
2	125844612	126793615
2	126793615	127770503
2	127770503	128672874
2	128672874	129602953
2	129602953	130572040
2	130572040	131585255
2	131585255	132568014
2	132568014	133612485
2	133612485	134597654
2	134597654	135557320
2	135557320	136419599
2	136419599	137288338
2	137288338	138426353
2	138426353	139481613
2	139481613	140457381
2	140457381	141332001
2	141332001	142306841
2	142306841	143287717
2	143287717	144275039
2	144275039	145214005
2	145214005	146171267
2	146171267	147051902
2	147051902	148020492
2	148020492	149053026
2	149053026	150015288
2	150015288	151143241
2	151143241	152081852
2	152081852	153004969
2	153004969	153992163
2	153992163	154955851
2	154955851	155856780
2	155856780	156777805
2	156777805	157670589
2	157670589	158610585
2	158610585	159616209
2	159616209	160575063
2	160575063	161461012
2	161461012	162425735
2	162425735	163403750
2	163403750	164429530
2	164429530	165457362
2	165457362	166330261
2	166330261	167317100
2	167317100	168400144
2	168400144	169345012
2	169345012	170227553
2	170227553	171090918
2	171090918	172089260
2	172089260	173092025
2	173092025	174132570
2	174132570	175094595
2	175094595	176004982
2	176004982	176889601
2	176889601	177904186
2	177904186	178886730
2	178886730	179814676
2	179814676	180723453
2	180723453	181666184
2	181666184	182584418
2	182584418	183500767
2	183500767	184552159
2	184552159	185617975
2	185617975	186586648
2	186586648	187498238
2	187498238	188425566
2	188425566	189363357
2	189363357	190241510
2	190241510	191262103
2	191262103	192256903
2	192256903	193152121
2	193152121	194124375
2	194124375	195092208
2	195092208	195966775
2	195966775	196814480
2	196814480	197740239
2	197740239	198743274
2	198743274	199663933
2	199663933	200573273
2	200573273	201484530
2	201484530	202588099
2	202588099	203621125
2	203621125	204513307
2	204513307	205348270
2	205348270	206217179
2	206217179	207173495
2	207173495	208134811
2	208134811	209120544
2	209120544	209986422
2	209986422	210817938
2	210817938	211717336
2	211717336	212530912
2	212530912	213453277
2	213453277	214294090
2	214294090	215113927
2	215113927	215964260
2	215964260	216853253
2	216853253	217693698
2	217693698	218519158
2	218519158	219351640
2	219351640	220198780
2	220198780	221022273
2	221022273	221909234
2	221909234	222690774
2	222690774	223699740
2	223699740	224623247
2	224623247	225195147
2	225195147	225990565
2	225990565	226862868
2	226862868	227714436
2	227714436	228478995
2	228478995	228902826
2	228902826	229592022
2	229592022	230307558
2	230307558	231125575
2	231125575	231940866
2	231940866	232781001
2	232781001	233752235
2	233752235	234719048
2	234719048	235630325
2	235630325	236652635
2	236652635	237693367
2	237693367	238769807
2	238769807	239700349
2	239700349	240627273
2	240627273	241517154
2	241517154	242457146
2	242457146	243391710
2	243391710	244428843
2	244428843	245365013
2	245365013	246187305
2	246187305	247080086
2	247080086	247954265
2	247954265	248924241
2	248924241	249876687
2	249876687	250791720
2	250791720	251722908
2	251722908	252743924
2	252743924	253664097
2	253664097	254636308
2	254636308	255688168
2	255688168	256546517
2	256546517	257476640
2	257476640	258470862
2	258470862	259544312
2	259544312	260496007
2	260496007	261394118
2	261394118	262337730
2	262337730	263209617
2	263209617	264204793
2	264204793	265241361
2	265241361	266275108
2	266275108	267224290
2	267224290	268288109
2	268288109	269217771
2	269217771	270132976
2	270132976	271088250
2	271088250	272052870
2	272052870	273021269
2	273021269	274115870
2	274115870	275072199
2	275072199	276082874
2	276082874	277051384
2	277051384	278092985
2	278092985	279100792
2	279100792	280048027
2	280048027	281174138
2	281174138	282047385
2	282047385	283136672
2	283136672	284256913
2	284256913	285224024
2	285224024	286198143
2	286198143	287202879
2	287202879	288317834
2	288317834	289357388
2	289357388	290473031
2	290473031	291456714
2	291456714	292420004
2	292420004	293460232
2	293460232	294451809
2	294451809	295424559
2	295424559	296398776
2	296398776	297390722
2	297390722	298365960
2	298365960	299343008
2	299343008	300328225
2	300328225	301270090
2	301270090	302238133
2	302238133	303240570
2	303240570	304290141
2	304290141	305246638
2	305246638	306173112
2	306173112	307130764
2	307130764	307994927
2	307994927	309017962
2	309017962	310018372
2	310018372	310994618
2	310994618	312112437
2	312112437	313187136
2	313187136	314255784
2	314255784	315209443
2	315209443	316227135
2	316227135	317160485
2	317160485	318163588
2	318163588	319233942
2	319233942	320338931
2	320338931	321392798
2	321392798	322416789
2	322416789	323496034
2	323496034	324510239
2	324510239	325527224
2	325527224	326502117
2	326502117	327435514
2	327435514	328398334
2	328398334	329453047
2	329453047	330569366
2	330569366	331554126
2	331554126	332511195
2	332511195	333463689
2	333463689	334444629
2	334444629	335425853
2	335425853	336474573
2	336474573	337434367
2	337434367	338533184
2	338533184	339638716
2	339638716	340682554
2	340682554	341682502
2	341682502	342729878
2	342729878	343743968
2	343743968	344790640
2	344790640	345813991
2	345813991	346960201
2	346960201	348023346
2	348023346	348987023
2	348987023	349903000
2	349903000	351051153
2	351051153	352111911
2	352111911	353073118
2	353073118	354240259
2	354240259	355328974
2	355328974	356335255
2	356335255	357258136
2	357258136	358277732
2	358277732	359425368
2	359425368	360408881
2	360408881	361385715
2	361385715	362480968
2	362480968	363440746
2	363440746	364481206
2	364481206	365543508
2	365543508	366581561
2	366581561	367576256
2	367576256	368586041
2	368586041	369558589
2	369558589	370547384
2	370547384	371523289
2	371523289	372500977
2	372500977	373641468
2	373641468	374611695
2	374611695	375571438
2	375571438	376552350
2	376552350	377571716
2	377571716	378516774
2	378516774	379445338
2	379445338	380468329
2	380468329	381466535
2	381466535	382381460
2	382381460	383375063
2	383375063	384394763
2	384394763	385420587
2	385420587	386507786
2	386507786	387481933
2	387481933	388501910
2	388501910	389467369
2	389467369	390437145
2	390437145	391457721
2	391457721	392551888
2	392551888	393602880
2	393602880	394642690
2	394642690	395711529
2	395711529	396683968
2	396683968	397769338
2	397769338	398824355
2	398824355	399842338
2	399842338	400827100
2	400827100	401896883
2	401896883	402861951
2	402861951	403869046
2	403869046	404798747
2	404798747	405744649
2	405744649	406698891
2	406698891	407748942
2	407748942	408814486
2	408814486	409801903
2	409801903	410936678
2	410936678	412038381
2	412038381	413025012
2	413025012	414012592
2	414012592	414968264
2	414968264	416083119
2	416083119	417141084
2	417141084	418126337
2	418126337	419185547
2	419185547	420308078
2	420308078	421362916
2	421362916	422356317
2	422356317	423343007
2	423343007	424381869
2	424381869	425381874
2	425381874	426405061
2	426405061	427454515
2	427454515	428432660
2	428432660	429465212
2	429465212	430393729
2	430393729	431429509
2	431429509	432433340
2	432433340	433474275
2	433474275	434457683
2	434457683	435425837
2	435425837	436410189
2	436410189	437350173
2	437350173	438299109
2	438299109	439300852
2	439300852	440361531
2	440361531	441544894
2	441544894	442588435
2	442588435	443629687
2	443629687	444760368
2	444760368	445844354
2	445844354	446724788
2	446724788	447735674
2	447735674	448812528
2	448812528	449966886
2	449966886	451096427
2	451096427	452351037
2	452351037	453520280
2	453520280	454617014
2	454617014	455776204
2	455776204	456804727
2	456804727	457820051
2	457820051	458932485
2	458932485	460069034
2	460069034	461095557
2	461095557	462093615
2	462093615	463193103
2	463193103	464248594
2	464248594	465294999
2	465294999	466493513
2	466493513	467661004
2	467661004	468674654
2	468674654	469738742
2	469738742	470857495
2	470857495	471910219
2	471910219	472898111
2	472898111	473880296
2	473880296	474425716
3	0	661557
3	661557	1621655
3	1621655	2624111
3	2624111	3595026
3	3595026	4562292
3	4562292	5678237
3	5678237	6690901
3	6690901	7658564
3	7658564	8594974
3	8594974	9620503
3	9620503	10605996
3	10605996	11559478
3	11559478	12561902
3	12561902	13633071
3	13633071	14568518
3	14568518	15457373
3	15457373	16398465
3	16398465	17522362
3	17522362	18551863
3	18551863	19509068
3	19509068	20579816
3	20579816	21633463
3	21633463	22509309
3	22509309	23495597
3	23495597	24362131
3	24362131	25440268
3	25440268	26472394
3	26472394	27553730
3	27553730	28629832
3	28629832	29614697
3	29614697	30559455
3	30559455	31622674
3	31622674	32660938
3	32660938	33587614
3	33587614	34536387
3	34536387	35524441
3	35524441	36515175
3	36515175	37511890
3	37511890	38420424
3	38420424	39413537
3	39413537	40351470
3	40351470	41423838
3	41423838	42468556
3	42468556	43627381
3	43627381	44717688
3	44717688	45657938
3	45657938	46748236
3	46748236	47863944
3	47863944	48826240
3	48826240	49955772
3	49955772	51055275
3	51055275	52010963
3	52010963	53038850
3	53038850	53967352
3	53967352	55082196
3	55082196	56070780
3	56070780	57110155
3	57110155	58145602
3	58145602	59266443
3	59266443	60218476
3	60218476	61273972
3	61273972	62421552
3	62421552	63410003
3	63410003	64420278
3	64420278	65408635
3	65408635	66391560
3	66391560	67424987
3	67424987	68385112
3	68385112	69307997
3	69307997	70282265
3	70282265	71329633
3	71329633	72547935
3	72547935	73687472
3	73687472	74645226
3	74645226	75643633
3	75643633	76735814
3	76735814	77659710
3	77659710	78703943
3	78703943	79624845
3	79624845	80609816
3	80609816	81531673
3	81531673	82564933
3	82564933	83587722
3	83587722	84603528
3	84603528	85541864
3	85541864	86677985
3	86677985	87723670
3	87723670	88719697
3	88719697	89618476
3	89618476	90630511
3	90630511	91647087
3	91647087	92746241
3	92746241	93672927
3	93672927	94611135
3	94611135	95553357
3	95553357	96621745
3	96621745	97632295
3	97632295	98657508
3	98657508	99697361
3	99697361	100648807
3	100648807	101717999
3	101717999	102755667
3	102755667	103698091
3	103698091	104666013
3	104666013	105708331
3	105708331	106707647
3	106707647	107626511
3	107626511	108580565
3	108580565	109630824
3	109630824	110631356
3	110631356	111586315
3	111586315	112754426
3	112754426	113780177
3	113780177	114765954
3	114765954	115807970
3	115807970	116962514
3	116962514	118073978
3	118073978	119168797
3	119168797	120248040
3	120248040	121364439
3	121364439	122338969
3	122338969	123288014
3	123288014	124430216
3	124430216	125570499
3	125570499	126629728
3	126629728	127646067
3	127646067	128786140
3	128786140	129828660
3	129828660	130821455
3	130821455	131867808
3	131867808	132807852
3	132807852	133752422
3	133752422	134829504
3	134829504	135782464
3	135782464	136856703
3	136856703	137790993
3	137790993	138811502
3	138811502	139938725
3	139938725	140967900
3	140967900	142040476
3	142040476	143091038
3	143091038	144158035
3	144158035	145248513
3	145248513	146434943
3	146434943	147353613
3	147353613	148279439
3	148279439	149301035
3	149301035	150368437
3	150368437	151435604
3	151435604	152415910
3	152415910	153347686
3	153347686	154298351
3	154298351	155385189
3	155385189	156409067
3	156409067	157408177
3	157408177	158360625
3	158360625	159445649
3	159445649	160348555
3	160348555	161318666
3	161318666	162214759
3	162214759	163136265
3	163136265	164099624
3	164099624	165081237
3	165081237	166034469
3	166034469	166896222
3	166896222	167831971
3	167831971	168766626
3	168766626	169604613
3	169604613	170509924
3	170509924	171432955
3	171432955	172406315
3	172406315	173298136
3	173298136	174162765
3	174162765	175121162
3	175121162	176112394
3	176112394	177064876
3	177064876	177985557
3	177985557	178835511
3	178835511	179751297
3	179751297	180639072
3	180639072	181615594
3	181615594	182610505
3	182610505	183454874
3	183454874	184385093
3	184385093	185398345
3	185398345	186292956
3	186292956	187227118
3	187227118	188080742
3	188080742	188939046
3	188939046	189765799
3	189765799	190651982
3	190651982	191454084
3	191454084	192253195
3	192253195	193091993
3	193091993	193910859
3	193910859	194698586
3	194698586	195451981
3	195451981	196282284
3	196282284	197008031
3	197008031	197815988
3	197815988	198575795
3	198575795	199051385
3	199051385	199852903
3	199852903	200625113
3	200625113	201364279
3	201364279	202139364
3	202139364	202891141
3	202891141	203736278
3	203736278	204581213
3	204581213	205421333
3	205421333	206282459
3	206282459	207067726
3	207067726	208042560
3	208042560	208911327
3	208911327	209854294
3	209854294	210671518
3	210671518	211568579
3	211568579	212478872
3	212478872	213422555
3	213422555	214405957
3	214405957	215292668
3	215292668	216181099
3	216181099	217025941
3	217025941	218022657
3	218022657	218980829
3	218980829	219986281
3	219986281	220841444
3	220841444	221748723
3	221748723	222716069
3	222716069	223612182
3	223612182	224479629
3	224479629	225378251
3	225378251	226374899
3	226374899	227282348
3	227282348	228281998
3	228281998	229295211
3	229295211	230275654
3	230275654	231129949
3	231129949	232153459
3	232153459	233185542
3	233185542	234102063
3	234102063	235058308
3	235058308	235942673
3	235942673	236916128
3	236916128	237940077
3	237940077	239000825
3	239000825	239990064
3	239990064	240980659
3	240980659	242036137
3	242036137	242986015
3	242986015	244021791
3	244021791	245003716
3	245003716	245907519
3	245907519	246893272
3	246893272	247866929
3	247866929	248962384
3	248962384	250053549
3	250053549	251100164
3	251100164	252161739
3	252161739	253251152
3	253251152	254210912
3	254210912	255196590
3	255196590	256088270
3	256088270	256920955
3	256920955	257904023
3	257904023	258954232
3	258954232	259979338
3	259979338	260935380
3	260935380	261869427
3	261869427	262850792
3	262850792	263782890
3	263782890	264634383
3	264634383	265561382
3	265561382	266518259
3	266518259	267457096
3	267457096	268453782
3	268453782	269433953
3	269433953	270504052
3	270504052	271438241
3	271438241	272502648
3	272502648	273515915
3	273515915	274546734
3	274546734	275543609
3	275543609	276521488
3	276521488	277595098
3	277595098	278683961
3	278683961	279636229
3	279636229	280601335
3	280601335	281554693
3	281554693	282593680
3	282593680	283704706
3	283704706	284702965
3	284702965	285738546
3	285738546	286761520
3	286761520	287782633
3	287782633	288757211
3	288757211	289788214
3	289788214	290696680
3	290696680	291625228
3	291625228	292635925
3	292635925	293606953
3	293606953	294489353
3	294489353	295469351
3	295469351	296415881
3	296415881	297438766
3	297438766	298383746
3	298383746	299338560
3	299338560	300333276
3	300333276	301292172
3	301292172	302236526
3	302236526	303234221
3	303234221	304249186
3	304249186	305297167
3	305297167	306328625
3	306328625	307403106
3	307403106	308345728
3	308345728	309287148
3	309287148	310304954
3	310304954	311359219
3	311359219	312328348
3	312328348	313245253
3	313245253	314034788
3	314034788	315057524
3	315057524	316080370
3	316080370	317107646
3	317107646	318235564
3	318235564	319337985
3	319337985	320307654
3	320307654	321343915
3	321343915	322266406
3	322266406	323266892
3	323266892	324380779
3	324380779	325498814
3	325498814	326518736
3	326518736	327487853
3	327487853	328447925
3	328447925	329447900
3	329447900	330463874
3	330463874	331555768
3	331555768	332602551
3	332602551	333623035
3	333623035	334684580
3	334684580	335658754
3	335658754	336594642
3	336594642	337569040
3	337569040	338545995
3	338545995	339602731
3	339602731	340553620
3	340553620	341457180
3	341457180	342502969
3	342502969	343536019
3	343536019	344515853
3	344515853	345535342
3	345535342	346597752
3	346597752	347710347
3	347710347	348728257
3	348728257	349733097
3	349733097	350693433
3	350693433	351611079
3	351611079	352679762
3	352679762	353664083
3	353664083	354797835
3	354797835	355926097
3	355926097	357140339
3	357140339	358315524
3	358315524	359355743
3	359355743	360344677
3	360344677	361370767
3	361370767	362353429
3	362353429	363435690
3	363435690	364403299
3	364403299	365532835
3	365532835	366477068
3	366477068	367489178
3	367489178	368521780
3	368521780	369601754
3	369601754	370563662
3	370563662	371486024
3	371486024	372485008
3	372485008	373488719
3	373488719	374374958
3	374374958	375384428
3	375384428	376430276
3	376430276	377423064
3	377423064	378466364
3	378466364	379511184
3	379511184	380439309
3	380439309	381310379
3	381310379	382270828
3	382270828	383274882
3	383274882	384191662
3	384191662	385219728
3	385219728	386241887
3	386241887	387265077
3	387265077	388346785
3	388346785	389288518
3	389288518	390206329
3	390206329	391196141
3	391196141	392323078
3	392323078	393403614
3	393403614	394579602
3	394579602	395524345
3	395524345	396489487
3	396489487	397517779
3	397517779	398668992
3	398668992	399747256
3	399747256	400802318
3	400802318	401820333
3	401820333	402815650
3	402815650	403841624
3	403841624	404837155
3	404837155	405885201
3	405885201	406824552
3	406824552	407788036
3	407788036	408847896
3	408847896	409777670
1	0	732932
1	732932	1597334
1	1597334	2674332
1	2674332	3678538
1	3678538	4719461
1	4719461	5839572
1	5839572	6966878
1	6966878	7999413
1	7999413	8914342
1	8914342	9957079
1	9957079	10989420
1	10989420	12096551
1	12096551	13128781
1	13128781	13995848
1	13995848	14959757
1	14959757	15902562
1	15902562	16772505
1	16772505	17744518
1	17744518	18793786
1	18793786	19765739
1	19765739	20874449
1	20874449	21914995
1	21914995	22886276
1	22886276	23768849
1	23768849	24789148
1	24789148	25853532
1	25853532	26740497
1	26740497	27714313
1	27714313	28888731
1	28888731	29815332
1	29815332	30911256
1	30911256	31934082
1	31934082	32949381
1	32949381	33980308
1	33980308	35253326
1	35253326	36205762
1	36205762	37363608
1	37363608	38377385
1	38377385	39438935
1	39438935	40502605
1	40502605	41739710
1	41739710	42894600
1	42894600	43866298
1	43866298	45074696
1	45074696	46253438
1	46253438	47271468
1	47271468	48267656
1	48267656	49285735
1	49285735	50593079
1	50593079	51623442
1	51623442	52681835
1	52681835	53709791
1	53709791	54885183
1	54885183	55917133
1	55917133	56952640
1	56952640	57935603
1	57935603	58909913
1	58909913	60123305
1	60123305	61192531
1	61192531	62162289
1	62162289	63282744
1	63282744	64198884
1	64198884	65332929
1	65332929	66431062
1	66431062	67507440
1	67507440	68556656
1	68556656	69608105
1	69608105	70602698
1	70602698	71652703
1	71652703	72665313
1	72665313	73638447
1	73638447	74765245
1	74765245	75915733
1	75915733	77031813
1	77031813	78192374
1	78192374	79304049
1	79304049	80218481
1	80218481	80489302
1	80489302	81485803
1	81485803	82503915
1	82503915	83743108
1	83743108	84876890
1	84876890	85876700
1	85876700	86915057
1	86915057	88122111
1	88122111	89157227
1	89157227	90188038
1	90188038	91179970
1	91179970	92162053
1	92162053	93088346
1	93088346	94073167
1	94073167	95159663
1	95159663	96228374
1	96228374	97181478
1	97181478	98164797
1	98164797	99132555
1	99132555	100135988
1	100135988	101237311
1	101237311	102203837
1	102203837	103290927
1	103290927	104403351
1	104403351	105421960
1	105421960	106482036
1	106482036	107612909
1	107612909	108608769
1	108608769	109664400
1	109664400	110890914
1	110890914	111888536
1	111888536	112865989
1	112865989	113908189
1	113908189	115067890
1	115067890	116188653
1	116188653	117123225
1	117123225	118287514
1	118287514	119261581
1	119261581	120242638
1	120242638	121281679
1	121281679	122366994
1	122366994	123413439
1	123413439	124400738
1	124400738	125530045
1	125530045	126605972
1	126605972	127651125
1	127651125	128755727
1	128755727	129735813
1	129735813	130708368
1	130708368	131669208
1	131669208	132634386
1	132634386	133759748
1	133759748	134899473
1	134899473	135854193
1	135854193	136896312
1	136896312	137839875
1	137839875	138825535
1	138825535	139816552
1	139816552	140776027
1	140776027	141733298
1	141733298	142664341
1	142664341	143572769
1	143572769	144458174
1	144458174	145266378
1	145266378	146078111
1	146078111	146972001
1	146972001	147797316
1	147797316	148828665
1	148828665	149692253
1	149692253	150528908
1	150528908	151318199
1	151318199	152459309
1	152459309	153396095
1	153396095	154240678
1	154240678	155057685
1	155057685	155837255
1	155837255	156642762
1	156642762	157511677
1	157511677	158341407
1	158341407	159103997
1	159103997	159981363
1	159981363	160873927
1	160873927	161728779
1	161728779	162457581
1	162457581	163489426
1	163489426	164595312
1	164595312	165477788
1	165477788	166431855
1	166431855	167358043
1	167358043	168195921
1	168195921	169010113
1	169010113	170064442
1	170064442	171013316
1	171013316	171969486
1	171969486	172839479
1	172839479	173687622
1	173687622	174668243
1	174668243	175712684
1	175712684	176687852
1	176687852	177606831
1	177606831	178569139
1	178569139	179492651
1	179492651	180475324
1	180475324	181536698
1	181536698	182600758
1	182600758	183569857
1	183569857	184525078
1	184525078	185476339
1	185476339	186690382
1	186690382	187656913
1	187656913	188697413
1	188697413	189716599
1	189716599	190740139
1	190740139	191799730
1	191799730	192875560
1	192875560	193944310
1	193944310	194862644
1	194862644	195836105
1	195836105	197032979
1	197032979	198042618
1	198042618	199041554
1	199041554	200062751
1	200062751	201069497
1	201069497	202002128
1	202002128	202962800
1	202962800	203859851
1	203859851	204762606
1	204762606	205562414
1	205562414	205608910
1	205608910	205646429
1	205646429	205674295
1	205674295	205708715
1	205708715	205817386
1	205817386	206728792
1	206728792	207690881
1	207690881	208699093
1	208699093	209493041
1	209493041	210470260
1	210470260	211461664
1	211461664	212579716
1	212579716	213543572
1	213543572	214498788
1	214498788	215535763
1	215535763	216585622
1	216585622	217539182
1	217539182	218539316
1	218539316	219479918
1	219479918	220442834
1	220442834	221504371
1	221504371	222480368
1	222480368	223420381
1	223420381	224401291
1	224401291	225395314
1	225395314	226422787
1	226422787	227299550
1	227299550	228347370
1	228347370	229408578
1	229408578	230416025
1	230416025	231500871
1	231500871	232547086
1	232547086	233563493
1	233563493	234548868
1	234548868	235573804
1	235573804	236576448
1	236576448	237651473
1	237651473	238676111
1	238676111	239696012
1	239696012	240670419
1	240670419	241588117
1	241588117	242532158
1	242532158	243431247
1	243431247	244385791
1	244385791	245356212
1	245356212	246401106
1	246401106	247320643
1	247320643	248177680
1	248177680	249211439
1	249211439	250249713
1	250249713	251246747
1	251246747	252266923
1	252266923	253182300
1	253182300	254158764
1	254158764	255129842
1	255129842	256093860
1	256093860	257123407
1	257123407	258082796
1	258082796	259154321
1	259154321	260186536
1	260186536	261217435
1	261217435	262209776
1	262209776	263403924
1	263403924	264504463
1	264504463	265557818
1	265557818	266587433
1	266587433	267597880
1	267597880	268523683
1	268523683	269433714
1	269433714	270476035
1	270476035	271579804
1	271579804	272583418
1	272583418	273616687
1	273616687	274689554
1	274689554	275692520
1	275692520	276683495
1	276683495	277757170
1	277757170	278759039
1	278759039	279724043
1	279724043	280766651
1	280766651	281731168
1	281731168	282794340
1	282794340	283704684
1	283704684	284676702
1	284676702	285650836
1	285650836	286597896
1	286597896	287580915
1	287580915	288452749
1	288452749	289434852
1	289434852	290541625
1	290541625	291477306
1	291477306	292362433
1	292362433	293405986
1	293405986	294441289
1	294441289	295546602
1	295546602	296915560
1	296915560	298337314
1	298337314	299496781
1	299496781	300834559
1	300834559	301879165
1	301879165	303072177
1	303072177	304127189
1	304127189	305108827
1	305108827	306264034
1	306264034	307429290
1	307429290	308585863
1	308585863	309814547
1	309814547	310827022
NIGP01001877	0	554561
NIGP01001877	554561	640510
NIGP01002089	0	541992
NIGP01002231	0	428575
NIGP01000727	0	351526
NIGP01001771	0	326068
NIGP01000819	0	322943
NIGP01000475	0	300825
NIGP01002221	0	300164
NIGP01001492	0	274556
NIGP01000892	0	251237
NIGP01000201	0	247994
NIGP01001727	0	235911
NIGP01001982	0	231228
NIGP01000101	0	226063
NIGP01000470	0	206929
NIGP01002078	0	204549
NIGP01001086	0	196695
NIGP01002082	0	193134
NIGP01000968	0	189715
NIGP01002045	0	187149
NIGP01002203	0	186412
NIGP01000451	0	183405
NIGP01000495	0	177013
NIGP01000268	0	176793
NIGP01002020	0	176234
NIGP01001844	0	172510
NIGP01001080	0	170970
NIGP01002286	0	170468
NIGP01002127	0	163096
NIGP01000184	0	159596
NIGP01000944	0	156082
NIGP01000304	0	154559
NIGP01000130	0	153870
NIGP01000154	0	153003
NIGP01001935	0	152424
NIGP01000647	0	148398
NIGP01002035	0	146225
NIGP01001914	0	144620
NIGP01001774	0	143028
NIGP01000838	0	142259
NIGP01000058	0	140198
NIGP01000662	0	139228
NIGP01000976	0	138289
NIGP01000253	0	135003
NIGP01001725	0	133228
NIGP01001770	0	131751
NIGP01000416	0	129821
NIGP01001671	0	129596
NIGP01001808	0	129287
NIGP01001642	0	127810
NIGP01001712	0	127642
NIGP01002113	0	124708
NIGP01001514	0	124220
NIGP01000379	0	121724
NIGP01000036	0	117223
NIGP01001224	0	114543
NIGP01002034	0	111889
NIGP01000552	0	111218
NIGP01000226	0	110094
NIGP01000094	0	108739
NIGP01001837	0	107667
NIGP01001856	0	107032
NIGP01001551	0	107000
NIGP01001579	0	106865
NIGP01000525	0	106838
NIGP01002215	0	106601
NIGP01001678	0	104686
NIGP01001744	0	104027
NIGP01000638	0	103273
NIGP01001599	0	102390
NIGP01000106	0	101610
NIGP01001294	0	101110
NIGP01002178	0	100923
NIGP01000256	0	100673
NIGP01000283	0	100173
NIGP01001031	0	98894
NIGP01002155	0	97849
NIGP01000077	0	97565
NIGP01001793	0	97305
NIGP01000371	0	96511
NIGP01000988	0	95131
NIGP01000658	0	94915
NIGP01001524	0	94308
NIGP01001480	0	92688
NIGP01000767	0	92064
NIGP01000848	0	91821
NIGP01001874	0	91629
NIGP01000415	0	91590
NIGP01000180	0	89935
NIGP01001039	0	89693
NIGP01000675	0	89305
NIGP01000110	0	89093
NIGP01000242	0	88678
NIGP01001503	0	87893
NIGP01001976	0	87115
NIGP01000537	0	87083
NIGP01000565	0	87070
NIGP01001447	0	86475
NIGP01000807	0	86258
NIGP01002168	0	85242
NIGP01000593	0	84697
NIGP01000482	0	820
NIGP01000482	820	1640
NIGP01000482	1640	2461
NIGP01000482	2461	3281
NIGP01000482	3281	4101
NIGP01000482	4101	4922
NIGP01000482	4922	5742
NIGP01000482	5742	6563
NIGP01000482	6563	7383
NIGP01000482	7383	8203
NIGP01000482	8203	9024
NIGP01000482	9024	9844
NIGP01000482	9844	10665
NIGP01000482	10665	11485
NIGP01000482	11485	12305
NIGP01000482	12305	13126
NIGP01000482	13126	13946
NIGP01000482	13946	14767
NIGP01000482	14767	15587
NIGP01000482	15587	84091
NIGP01002289	0	83687
NIGP01000751	0	83431
NIGP01001945	0	1174
NIGP01001945	1174	2348
NIGP01001945	2348	3522
NIGP01001945	3522	4696
NIGP01001945	4696	5870
NIGP01001945	5870	7044
NIGP01001945	7044	8218
NIGP01001945	8218	9392
NIGP01001945	9392	10566
NIGP01001945	10566	11740
NIGP01001945	11740	12914
NIGP01001945	12914	14088
NIGP01001945	14088	15262
NIGP01001945	15262	83366
NIGP01000574	0	82317
NIGP01002209	0	82223
NIGP01001759	0	82055
NIGP01000402	0	81937
NIGP01000198	0	81146
NIGP01000432	0	81083
NIGP01000292	0	80973
NIGP01002029	0	80719
NIGP01000294	0	80565
NIGP01000909	0	80301
NIGP01000139	0	80016
NIGP01000282	0	79989
NIGP01000460	0	79704
NIGP01001786	0	79414
NIGP01000376	0	79256
NIGP01001698	0	79242
NIGP01001206	0	79205
NIGP01002240	0	78688
NIGP01001030	0	78271
NIGP01001414	0	77872
NIGP01001750	0	77862
NIGP01002188	0	77603
NIGP01000072	0	77551
NIGP01000080	0	77531
NIGP01002269	0	77285
NIGP01000033	0	77204
NIGP01000160	0	76832
NIGP01001661	0	76727
NIGP01002234	0	76630
NIGP01000602	0	76467
NIGP01000761	0	75816
NIGP01000063	0	75352
NIGP01002251	0	74998
NIGP01002176	0	74969
NIGP01001852	0	74874
NIGP01000140	0	74779
NIGP01000433	0	74703
NIGP01000034	0	74641
NIGP01000159	0	74389
NIGP01000575	0	74389
NIGP01002300	0	74357
NIGP01001458	0	74086
NIGP01001507	0	74073
NIGP01000182	0	73963
NIGP01000941	0	73820
NIGP01000188	0	73687
NIGP01002297	0	73687
NIGP01000697	0	73617
NIGP01000629	0	73476
NIGP01001062	0	4140
NIGP01001062	4140	8280
NIGP01001062	8280	12420
NIGP01001062	12420	73470
NIGP01001508	0	72980
NIGP01002230	0	72663
NIGP01000197	0	72607
NIGP01000266	0	72539
NIGP01000699	0	72494
NIGP01000541	0	72394
NIGP01001755	0	72177
NIGP01001696	0	71963
NIGP01000656	0	71943
NIGP01000563	0	71159
NIGP01000888	0	71033
NIGP01000327	0	70813
NIGP01001988	0	70572
NIGP01001641	0	70428
NIGP01001846	0	70238
NIGP01001908	0	70127
NIGP01000986	0	69878
NIGP01001769	0	69440
NIGP01000440	0	69422
NIGP01002046	0	69276
NIGP01000322	0	2736
NIGP01000322	2736	5472
NIGP01000322	5472	8208
NIGP01000322	8208	10944
NIGP01000322	10944	13680
NIGP01000322	13680	69087
NIGP01000505	0	69083
NIGP01002152	0	69021
NIGP01000627	0	69017
NIGP01000598	0	68925
NIGP01000274	0	68867
NIGP01000414	0	68860
NIGP01002253	0	68768
NIGP01001029	0	5497
NIGP01001029	5497	10994
NIGP01001029	10994	68732
NIGP01000599	0	68715
NIGP01001510	0	68709
NIGP01001887	0	68640
NIGP01001615	0	68480
NIGP01000650	0	68329
NIGP01000735	0	68236
NIGP01002199	0	68153
NIGP01001036	0	67869
NIGP01002153	0	67654
NIGP01001949	0	67549
NIGP01002196	0	67376
NIGP01000407	0	67323
NIGP01000437	0	66942
NIGP01001919	0	66921
NIGP01000809	0	66842
NIGP01001929	0	66704
NIGP01001703	0	66384
NIGP01001866	0	66233
NIGP01000504	0	66192
NIGP01001327	0	66188
NIGP01002058	0	66095
NIGP01000779	0	66022
NIGP01001557	0	65799
NIGP01002024	0	65760
NIGP01000859	0	65530
NIGP01000206	0	65287
NIGP01001987	0	65130
NIGP01000189	0	65087
NIGP01000210	0	64887
NIGP01000398	0	64787
NIGP01001019	0	64787
NIGP01001717	0	64539
NIGP01002087	0	64527
NIGP01001650	0	64444
NIGP01001965	0	64369
NIGP01001768	0	63991
NIGP01001845	0	63991
NIGP01000361	0	63815
NIGP01000579	0	63708
NIGP01001695	0	63362
NIGP01001741	0	63135
NIGP01000205	0	63112
NIGP01000802	0	62982
NIGP01000548	0	62911
NIGP01001757	0	62881
NIGP01000356	0	62695
NIGP01000893	0	62509
NIGP01000637	0	20584
NIGP01000637	20584	62458
NIGP01001469	0	62429
NIGP01000946	0	62338
NIGP01000780	0	62026
NIGP01001915	0	61952
NIGP01001943	0	61749
NIGP01000335	0	61727
NIGP01001933	0	61714
NIGP01000920	0	61640
NIGP01000863	0	61633
NIGP01000417	0	61606
NIGP01000845	0	61561
NIGP01001008	0	61509
NIGP01001803	0	61248
NIGP01000039	0	60997
NIGP01001816	0	60958
NIGP01000665	0	60921
NIGP01000818	0	60757
NIGP01000521	0	60698
NIGP01000578	0	60604
NIGP01000532	0	60555
NIGP01000821	0	60477
NIGP01001546	0	60355
NIGP01002242	0	60312
NIGP01000384	0	60034
NIGP01000295	0	59996
NIGP01000471	0	59894
NIGP01000408	0	59888
NIGP01001940	0	59879
NIGP01001566	0	59857
NIGP01000865	0	59762
NIGP01000646	0	59730
NIGP01000187	0	59550
NIGP01000962	0	59534
NIGP01000316	0	59481
NIGP01001024	0	59420
NIGP01000619	0	59399
NIGP01001076	0	59215
NIGP01000497	0	59183
NIGP01002068	0	59160
NIGP01000916	0	58992
NIGP01001927	0	58952
NIGP01000791	0	58839
NIGP01000760	0	58770
NIGP01001028	0	58704
NIGP01000124	0	58688
NIGP01001612	0	58653
NIGP01002055	0	58419
NIGP01000212	0	58287
NIGP01001898	0	58256
NIGP01000149	0	58243
NIGP01002044	0	58217
NIGP01000363	0	58150
NIGP01000904	0	58055
NIGP01002133	0	57940
NIGP01000123	0	57908
NIGP01001697	0	57807
NIGP01001567	0	57578
NIGP01001956	0	57548
NIGP01000232	0	57435
NIGP01002275	0	57281
NIGP01000142	0	57264
NIGP01000413	0	56630
NIGP01001736	0	56628
NIGP01000728	0	56518
NIGP01000608	0	56407
NIGP01000290	0	56242
NIGP01000477	0	56206
NIGP01000806	0	56146
NIGP01000315	0	55932
NIGP01001858	0	55903
NIGP01000577	0	55869
NIGP01001066	0	55728
NIGP01001934	0	55669
NIGP01001767	0	55569
NIGP01000573	0	55521
NIGP01000648	0	55507
NIGP01000747	0	55498
NIGP01000443	0	55314
NIGP01000081	0	55137
NIGP01000397	0	55089
NIGP01002103	0	55088
NIGP01000600	0	54943
NIGP01002121	0	54919
NIGP01000254	0	54892
NIGP01001977	0	54835
NIGP01000959	0	54813
NIGP01000009	0	54773
NIGP01000640	0	54747
NIGP01001060	0	54728
NIGP01000061	0	54713
NIGP01002278	0	54609
NIGP01001893	0	54540
NIGP01001584	0	54449
NIGP01001622	0	54415
NIGP01000218	0	54225
NIGP01000148	0	54110
NIGP01000711	0	54074
NIGP01001875	0	54004
NIGP01001085	0	53982
NIGP01000463	0	53864
NIGP01001536	0	53778
NIGP01001672	0	53762
NIGP01000450	0	53704
NIGP01000736	0	53467
NIGP01000281	0	53453
NIGP01000031	0	53421
NIGP01001758	0	53289
NIGP01000840	0	53249
NIGP01001516	0	53104
NIGP01001961	0	53057
NIGP01001925	0	52931
NIGP01001554	0	52799
NIGP01001606	0	41
NIGP01001606	41	82
NIGP01001606	82	124
NIGP01001606	124	165
NIGP01001606	165	206
NIGP01001606	206	248
NIGP01001606	248	289
NIGP01001606	289	331
NIGP01001606	331	372
NIGP01001606	372	413
NIGP01001606	413	455
NIGP01001606	455	496
NIGP01001606	496	537
NIGP01001606	537	579
NIGP01001606	579	620
NIGP01001606	620	662
NIGP01001606	662	703
NIGP01001606	703	744
NIGP01001606	744	786
NIGP01001606	786	827
NIGP01001606	827	868
NIGP01001606	868	910
NIGP01001606	910	951
NIGP01001606	951	993
NIGP01001606	993	1034
NIGP01001606	1034	1075
NIGP01001606	1075	1117
NIGP01001606	1117	1158
NIGP01001606	1158	1199
NIGP01001606	1199	1241
NIGP01001606	1241	1282
NIGP01001606	1282	1324
NIGP01001606	1324	1365
NIGP01001606	1365	1406
NIGP01001606	1406	1448
NIGP01001606	1448	1489
NIGP01001606	1489	1530
NIGP01001606	1530	1572
NIGP01001606	1572	1613
NIGP01001606	1613	1655
NIGP01001606	1655	1696
NIGP01001606	1696	1737
NIGP01001606	1737	1779
NIGP01001606	1779	1820
NIGP01001606	1820	1861
NIGP01001606	1861	1903
NIGP01001606	1903	1944
NIGP01001606	1944	1986
NIGP01001606	1986	2027
NIGP01001606	2027	2068
NIGP01001606	2068	2110
NIGP01001606	2110	2151
NIGP01001606	2151	2192
NIGP01001606	2192	2234
NIGP01001606	2234	2275
NIGP01001606	2275	2317
NIGP01001606	2317	2358
NIGP01001606	2358	2399
NIGP01001606	2399	2441
NIGP01001606	2441	2482
NIGP01001606	2482	2523
NIGP01001606	2523	2565
NIGP01001606	2565	2606
NIGP01001606	2606	2648
NIGP01001606	2648	2689
NIGP01001606	2689	2730
NIGP01001606	2730	2772
NIGP01001606	2772	2813
NIGP01001606	2813	2854
NIGP01001606	2854	2896
NIGP01001606	2896	2937
NIGP01001606	2937	2979
NIGP01001606	2979	3020
NIGP01001606	3020	3061
NIGP01001606	3061	3103
NIGP01001606	3103	3144
NIGP01001606	3144	3185
NIGP01001606	3185	3227
NIGP01001606	3227	3268
NIGP01001606	3268	3310
NIGP01001606	3310	3351
NIGP01001606	3351	3392
NIGP01001606	3392	3434
NIGP01001606	3434	3475
NIGP01001606	3475	3516
NIGP01001606	3516	3558
NIGP01001606	3558	3599
NIGP01001606	3599	3641
NIGP01001606	3641	3682
NIGP01001606	3682	3723
NIGP01001606	3723	3765
NIGP01001606	3765	3806
NIGP01001606	3806	3847
NIGP01001606	3847	3889
NIGP01001606	3889	3930
NIGP01001606	3930	3972
NIGP01001606	3972	4013
NIGP01001606	4013	4054
NIGP01001606	4054	4096
NIGP01001606	4096	4137
NIGP01001606	4137	4178
NIGP01001606	4178	4220
NIGP01001606	4220	4261
NIGP01001606	4261	4303
NIGP01001606	4303	4344
NIGP01001606	4344	4385
NIGP01001606	4385	4427
NIGP01001606	4427	4468
NIGP01001606	4468	4509
NIGP01001606	4509	4551
NIGP01001606	4551	4592
NIGP01001606	4592	4634
NIGP01001606	4634	4675
NIGP01001606	4675	4716
NIGP01001606	4716	4758
NIGP01001606	4758	4799
NIGP01001606	4799	4840
NIGP01001606	4840	4882
NIGP01001606	4882	4923
NIGP01001606	4923	4965
NIGP01001606	4965	5006
NIGP01001606	5006	5047
NIGP01001606	5047	5089
NIGP01001606	5089	5130
NIGP01001606	5130	5171
NIGP01001606	5171	5213
NIGP01001606	5213	5254
NIGP01001606	5254	5296
NIGP01001606	5296	5337
NIGP01001606	5337	5378
NIGP01001606	5378	5420
NIGP01001606	5420	5461
NIGP01001606	5461	5502
NIGP01001606	5502	5544
NIGP01001606	5544	5585
NIGP01001606	5585	5627
NIGP01001606	5627	5668
NIGP01001606	5668	5709
NIGP01001606	5709	5751
NIGP01001606	5751	5792
NIGP01001606	5792	5833
NIGP01001606	5833	5875
NIGP01001606	5875	5916
NIGP01001606	5916	5958
NIGP01001606	5958	5999
NIGP01001606	5999	6040
NIGP01001606	6040	6082
NIGP01001606	6082	6123
NIGP01001606	6123	6164
NIGP01001606	6164	6206
NIGP01001606	6206	6247
NIGP01001606	6247	6289
NIGP01001606	6289	6330
NIGP01001606	6330	6371
NIGP01001606	6371	6413
NIGP01001606	6413	6454
NIGP01001606	6454	6495
NIGP01001606	6495	6537
NIGP01001606	6537	6578
NIGP01001606	6578	6620
NIGP01001606	6620	6661
NIGP01001606	6661	6702
NIGP01001606	6702	6744
NIGP01001606	6744	6785
NIGP01001606	6785	6826
NIGP01001606	6826	6868
NIGP01001606	6868	6909
NIGP01001606	6909	6951
NIGP01001606	6951	6992
NIGP01001606	6992	7033
NIGP01001606	7033	7075
NIGP01001606	7075	7116
NIGP01001606	7116	7157
NIGP01001606	7157	7199
NIGP01001606	7199	7240
NIGP01001606	7240	7282
NIGP01001606	7282	7323
NIGP01001606	7323	7364
NIGP01001606	7364	7406
NIGP01001606	7406	7447
NIGP01001606	7447	7488
NIGP01001606	7488	7530
NIGP01001606	7530	7571
NIGP01001606	7571	7613
NIGP01001606	7613	7654
NIGP01001606	7654	7695
NIGP01001606	7695	7737
NIGP01001606	7737	7778
NIGP01001606	7778	7819
NIGP01001606	7819	7861
NIGP01001606	7861	7902
NIGP01001606	7902	7944
NIGP01001606	7944	7985
NIGP01001606	7985	8026
NIGP01001606	8026	8068
NIGP01001606	8068	8109
NIGP01001606	8109	8150
NIGP01001606	8150	8192
NIGP01001606	8192	8233
NIGP01001606	8233	8275
NIGP01001606	8275	8316
NIGP01001606	8316	8357
NIGP01001606	8357	8399
NIGP01001606	8399	8440
NIGP01001606	8440	8481
NIGP01001606	8481	8523
NIGP01001606	8523	8564
NIGP01001606	8564	8606
NIGP01001606	8606	8647
NIGP01001606	8647	8688
NIGP01001606	8688	8730
NIGP01001606	8730	8771
NIGP01001606	8771	8812
NIGP01001606	8812	8854
NIGP01001606	8854	8895
NIGP01001606	8895	8937
NIGP01001606	8937	8978
NIGP01001606	8978	9019
NIGP01001606	9019	9061
NIGP01001606	9061	9102
NIGP01001606	9102	9143
NIGP01001606	9143	9185
NIGP01001606	9185	9226
NIGP01001606	9226	9268
NIGP01001606	9268	9309
NIGP01001606	9309	9350
NIGP01001606	9350	9392
NIGP01001606	9392	9433
NIGP01001606	9433	9474
NIGP01001606	9474	9516
NIGP01001606	9516	9557
NIGP01001606	9557	9599
NIGP01001606	9599	9640
NIGP01001606	9640	9681
NIGP01001606	9681	9723
NIGP01001606	9723	9764
NIGP01001606	9764	9805
NIGP01001606	9805	9847
NIGP01001606	9847	9888
NIGP01001606	9888	9930
NIGP01001606	9930	9971
NIGP01001606	9971	10012
NIGP01001606	10012	10054
NIGP01001606	10054	10095
NIGP01001606	10095	10136
NIGP01001606	10136	10178
NIGP01001606	10178	10219
NIGP01001606	10219	10261
NIGP01001606	10261	10302
NIGP01001606	10302	10343
NIGP01001606	10343	10385
NIGP01001606	10385	10426
NIGP01001606	10426	10467
NIGP01001606	10467	10509
NIGP01001606	10509	10550
NIGP01001606	10550	10592
NIGP01001606	10592	10633
NIGP01001606	10633	10674
NIGP01001606	10674	10716
NIGP01001606	10716	10757
NIGP01001606	10757	10798
NIGP01001606	10798	10840
NIGP01001606	10840	10881
NIGP01001606	10881	10923
NIGP01001606	10923	10964
NIGP01001606	10964	11005
NIGP01001606	11005	11047
NIGP01001606	11047	11088
NIGP01001606	11088	11129
NIGP01001606	11129	11171
NIGP01001606	11171	11212
NIGP01001606	11212	11254
NIGP01001606	11254	11295
NIGP01001606	11295	11336
NIGP01001606	11336	11378
NIGP01001606	11378	11419
NIGP01001606	11419	11460
NIGP01001606	11460	11502
NIGP01001606	11502	11543
NIGP01001606	11543	11585
NIGP01001606	11585	11626
NIGP01001606	11626	11667
NIGP01001606	11667	11709
NIGP01001606	11709	11750
NIGP01001606	11750	11791
NIGP01001606	11791	11833
NIGP01001606	11833	11874
NIGP01001606	11874	11916
NIGP01001606	11916	11957
NIGP01001606	11957	11998
NIGP01001606	11998	12040
NIGP01001606	12040	12081
NIGP01001606	12081	12122
NIGP01001606	12122	12164
NIGP01001606	12164	12205
NIGP01001606	12205	12247
NIGP01001606	12247	12288
NIGP01001606	12288	12329
NIGP01001606	12329	12371
NIGP01001606	12371	12412
NIGP01001606	12412	12453
NIGP01001606	12453	12495
NIGP01001606	12495	12536
NIGP01001606	12536	12578
NIGP01001606	12578	12619
NIGP01001606	12619	12660
NIGP01001606	12660	12702
NIGP01001606	12702	12743
NIGP01001606	12743	12784
NIGP01001606	12784	12826
NIGP01001606	12826	12867
NIGP01001606	12867	12909
NIGP01001606	12909	12950
NIGP01001606	12950	12991
NIGP01001606	12991	13033
NIGP01001606	13033	13074
NIGP01001606	13074	13115
NIGP01001606	13115	13157
NIGP01001606	13157	13198
NIGP01001606	13198	13240
NIGP01001606	13240	13281
NIGP01001606	13281	13322
NIGP01001606	13322	13364
NIGP01001606	13364	13405
NIGP01001606	13405	13446
NIGP01001606	13446	13488
NIGP01001606	13488	13529
NIGP01001606	13529	13571
NIGP01001606	13571	13612
NIGP01001606	13612	13653
NIGP01001606	13653	13695
NIGP01001606	13695	13736
NIGP01001606	13736	13777
NIGP01001606	13777	13819
NIGP01001606	13819	13860
NIGP01001606	13860	13902
NIGP01001606	13902	13943
NIGP01001606	13943	13984
NIGP01001606	13984	14026
NIGP01001606	14026	14067
NIGP01001606	14067	14108
NIGP01001606	14108	14150
NIGP01001606	14150	14191
NIGP01001606	14191	14233
NIGP01001606	14233	14274
NIGP01001606	14274	14315
NIGP01001606	14315	14357
NIGP01001606	14357	14398
NIGP01001606	14398	14439
NIGP01001606	14439	14481
NIGP01001606	14481	14522
NIGP01001606	14522	14564
NIGP01001606	14564	14605
NIGP01001606	14605	14646
NIGP01001606	14646	14688
NIGP01001606	14688	14729
NIGP01001606	14729	14770
NIGP01001606	14770	14812
NIGP01001606	14812	14853
NIGP01001606	14853	14895
NIGP01001606	14895	14936
NIGP01001606	14936	14977
NIGP01001606	14977	15019
NIGP01001606	15019	15060
NIGP01001606	15060	15101
NIGP01001606	15101	15143
NIGP01001606	15143	15184
NIGP01001606	15184	15226
NIGP01001606	15226	15267
NIGP01001606	15267	15308
NIGP01001606	15308	15350
NIGP01001606	15350	15391
NIGP01001606	15391	15432
NIGP01001606	15432	15474
NIGP01001606	15474	15515
NIGP01001606	15515	15557
NIGP01001606	15557	15598
NIGP01001606	15598	15639
NIGP01001606	15639	15681
NIGP01001606	15681	15722
NIGP01001606	15722	15763
NIGP01001606	15763	15805
NIGP01001606	15805	15846
NIGP01001606	15846	15888
NIGP01001606	15888	15929
NIGP01001606	15929	15970
NIGP01001606	15970	16012
NIGP01001606	16012	16053
NIGP01001606	16053	16094
NIGP01001606	16094	16136
NIGP01001606	16136	16177
NIGP01001606	16177	16219
NIGP01001606	16219	16260
NIGP01001606	16260	16301
NIGP01001606	16301	16343
NIGP01001606	16343	52791
NIGP01000673	0	52789
NIGP01001764	0	52778
NIGP01002054	0	52715
NIGP01000098	0	52694
NIGP01000457	0	52674
NIGP01002095	0	52658
NIGP01001690	0	52575
NIGP01001534	0	52454
NIGP01001942	0	52173
NIGP01000216	0	51697
NIGP01000965	0	51669
NIGP01000817	0	51636
NIGP01000328	0	51608
NIGP01001909	0	51567
NIGP01001392	0	51490
NIGP01001058	0	51444
NIGP01000512	0	51294
NIGP01000522	0	51293
NIGP01000213	0	51187
NIGP01001593	0	51001
NIGP01000533	0	50998
NIGP01000464	0	50765
NIGP01000456	0	50708
NIGP01001540	0	50617
NIGP01002260	0	50519
NIGP01000279	0	50457
NIGP01001002	0	50366
NIGP01001061	0	50336
NIGP01002191	0	50247
NIGP01002064	0	50240
NIGP01000486	0	50213
NIGP01000775	0	50175
NIGP01001847	0	50042
NIGP01001688	0	49915
NIGP01001950	0	49823
NIGP01000963	0	49821
NIGP01002181	0	49805
NIGP01000467	0	49788
NIGP01002014	0	49724
NIGP01000424	0	49711
NIGP01002179	0	49576
NIGP01000558	0	49431
NIGP01001077	0	49310
NIGP01000870	0	49275
NIGP01001542	0	49204
NIGP01000580	0	49161
NIGP01000056	0	107
NIGP01000056	107	215
NIGP01000056	215	323
NIGP01000056	323	431
NIGP01000056	431	539
NIGP01000056	539	646
NIGP01000056	646	754
NIGP01000056	754	862
NIGP01000056	862	970
NIGP01000056	970	1078
NIGP01000056	1078	1185
NIGP01000056	1185	1293
NIGP01000056	1293	1401
NIGP01000056	1401	1509
NIGP01000056	1509	1617
NIGP01000056	1617	1724
NIGP01000056	1724	1832
NIGP01000056	1832	1940
NIGP01000056	1940	2048
NIGP01000056	2048	2156
NIGP01000056	2156	2263
NIGP01000056	2263	2371
NIGP01000056	2371	2479
NIGP01000056	2479	2587
NIGP01000056	2587	2695
NIGP01000056	2695	2803
NIGP01000056	2803	2910
NIGP01000056	2910	3018
NIGP01000056	3018	3126
NIGP01000056	3126	3234
NIGP01000056	3234	3342
NIGP01000056	3342	3449
NIGP01000056	3449	3557
NIGP01000056	3557	3665
NIGP01000056	3665	3773
NIGP01000056	3773	3881
NIGP01000056	3881	3988
NIGP01000056	3988	4096
NIGP01000056	4096	4204
NIGP01000056	4204	4312
NIGP01000056	4312	4420
NIGP01000056	4420	4527
NIGP01000056	4527	4635
NIGP01000056	4635	4743
NIGP01000056	4743	4851
NIGP01000056	4851	4959
NIGP01000056	4959	5066
NIGP01000056	5066	5174
NIGP01000056	5174	5282
NIGP01000056	5282	5390
NIGP01000056	5390	5498
NIGP01000056	5498	5606
NIGP01000056	5606	5713
NIGP01000056	5713	5821
NIGP01000056	5821	5929
NIGP01000056	5929	6037
NIGP01000056	6037	6145
NIGP01000056	6145	6252
NIGP01000056	6252	6360
NIGP01000056	6360	6468
NIGP01000056	6468	6576
NIGP01000056	6576	6684
NIGP01000056	6684	6791
NIGP01000056	6791	6899
NIGP01000056	6899	7007
NIGP01000056	7007	7115
NIGP01000056	7115	7223
NIGP01000056	7223	7330
NIGP01000056	7330	7438
NIGP01000056	7438	7546
NIGP01000056	7546	7654
NIGP01000056	7654	7762
NIGP01000056	7762	7869
NIGP01000056	7869	7977
NIGP01000056	7977	8085
NIGP01000056	8085	8193
NIGP01000056	8193	8301
NIGP01000056	8301	8409
NIGP01000056	8409	8516
NIGP01000056	8516	8624
NIGP01000056	8624	8732
NIGP01000056	8732	8840
NIGP01000056	8840	8948
NIGP01000056	8948	9055
NIGP01000056	9055	9163
NIGP01000056	9163	9271
NIGP01000056	9271	9379
NIGP01000056	9379	9487
NIGP01000056	9487	9594
NIGP01000056	9594	9702
NIGP01000056	9702	9810
NIGP01000056	9810	9918
NIGP01000056	9918	10026
NIGP01000056	10026	10133
NIGP01000056	10133	10241
NIGP01000056	10241	10349
NIGP01000056	10349	10457
NIGP01000056	10457	10565
NIGP01000056	10565	10673
NIGP01000056	10673	10780
NIGP01000056	10780	10888
NIGP01000056	10888	10996
NIGP01000056	10996	11104
NIGP01000056	11104	11212
NIGP01000056	11212	11319
NIGP01000056	11319	11427
NIGP01000056	11427	11535
NIGP01000056	11535	11643
NIGP01000056	11643	11751
NIGP01000056	11751	11858
NIGP01000056	11858	11966
NIGP01000056	11966	12074
NIGP01000056	12074	12182
NIGP01000056	12182	12290
NIGP01000056	12290	12397
NIGP01000056	12397	12505
NIGP01000056	12505	12613
NIGP01000056	12613	12721
NIGP01000056	12721	12829
NIGP01000056	12829	12936
NIGP01000056	12936	13044
NIGP01000056	13044	13152
NIGP01000056	13152	13260
NIGP01000056	13260	13368
NIGP01000056	13368	13476
NIGP01000056	13476	13583
NIGP01000056	13583	13691
NIGP01000056	13691	13799
NIGP01000056	13799	13907
NIGP01000056	13907	14015
NIGP01000056	14015	14122
NIGP01000056	14122	14230
NIGP01000056	14230	14338
NIGP01000056	14338	14446
NIGP01000056	14446	14554
NIGP01000056	14554	14661
NIGP01000056	14661	14769
NIGP01000056	14769	14877
NIGP01000056	14877	14985
NIGP01000056	14985	15093
NIGP01000056	15093	15200
NIGP01000056	15200	15308
NIGP01000056	15308	15416
NIGP01000056	15416	15524
NIGP01000056	15524	15632
NIGP01000056	15632	15739
NIGP01000056	15739	15847
NIGP01000056	15847	15955
NIGP01000056	15955	16063
NIGP01000056	16063	16171
NIGP01000056	16171	16279
NIGP01000056	16279	49124
NIGP01001498	0	49100
NIGP01000639	0	49097
NIGP01000768	0	49021
NIGP01000745	0	49016
NIGP01001781	0	48734
NIGP01000813	0	48668
NIGP01000666	0	48568
NIGP01000087	0	48551
NIGP01002099	0	48518
NIGP01000092	0	48504
NIGP01000885	0	48435
NIGP01000700	0	48288
NIGP01001634	0	48163
NIGP01000381	0	48126
NIGP01000645	0	47938
NIGP01000958	0	47932
NIGP01000620	0	47926
NIGP01000263	0	47743
NIGP01000896	0	47690
NIGP01000046	0	47682
NIGP01000025	0	47651
NIGP01000378	0	47541
NIGP01000214	0	47514
NIGP01000403	0	47489
NIGP01001639	0	47480
NIGP01000185	0	47431
NIGP01001561	0	47294
NIGP01001601	0	47281
NIGP01002009	0	47255
NIGP01000095	0	47210
NIGP01001704	0	47155
NIGP01000217	0	47061
NIGP01001053	0	47008
NIGP01000194	0	46994
NIGP01000866	0	46903
NIGP01001497	0	46743
NIGP01000568	0	46735
NIGP01001017	0	46721
NIGP01002126	0	46698
NIGP01002031	0	46692
NIGP01000369	0	46641
NIGP01000020	0	46401
NIGP01001573	0	46377
NIGP01000291	0	46218
NIGP01002170	0	46210
NIGP01001430	0	46178
NIGP01000252	0	46009
NIGP01001114	0	45994
NIGP01000289	0	45974
NIGP01001683	0	45899
NIGP01002096	0	45864
NIGP01002167	0	45820
NIGP01000257	0	45740
NIGP01000996	0	45740
NIGP01000670	0	45690
NIGP01001810	0	45675
NIGP01000636	0	45639
NIGP01000476	0	45595
NIGP01001928	0	45538
NIGP01001082	0	45535
NIGP01000950	0	45465
NIGP01000759	0	45430
NIGP01001635	0	45424
NIGP01000737	0	45381
NIGP01001415	0	45286
NIGP01000060	0	45284
NIGP01002207	0	45112
NIGP01002077	0	45109
NIGP01000680	0	45074
NIGP01000386	0	44972
NIGP01000052	0	44914
NIGP01000516	0	44880
NIGP01000121	0	44855
NIGP01000113	0	44779
NIGP01000144	0	44758
NIGP01002154	0	44752
NIGP01000190	0	44689
NIGP01002067	0	44673
NIGP01000975	0	44663
NIGP01002157	0	44582
NIGP01000856	0	44563
NIGP01000269	0	44555
NIGP01001072	0	44486
NIGP01000088	0	44484
NIGP01000583	0	44379
NIGP01000219	0	44309
NIGP01000426	0	44303
NIGP01000167	0	44145
NIGP01002163	0	44084
NIGP01000581	0	44050
NIGP01000125	0	43930
NIGP01000247	0	43925
NIGP01001791	0	43911
NIGP01001499	0	43748
NIGP01001676	0	43694
NIGP01001711	0	43692
NIGP01001902	0	43656
NIGP01000523	0	43651
NIGP01002202	0	43594
NIGP01000480	0	43497
NIGP01001870	0	43476
NIGP01001035	0	43457
NIGP01000709	0	43422
NIGP01001763	0	43342
NIGP01000367	0	43298
NIGP01000597	0	43218
NIGP01001068	0	43130
NIGP01002146	0	43119
NIGP01000473	0	43013
NIGP01001748	0	42999
NIGP01001728	0	42908
NIGP01000823	0	42849
NIGP01000103	0	42846
NIGP01002106	0	42798
NIGP01000014	0	42773
NIGP01000134	0	42644
NIGP01002065	0	42643
NIGP01001707	0	42637
NIGP01000203	0	42558
NIGP01000657	0	42551
NIGP01002263	0	42490
NIGP01001737	0	42483
NIGP01002169	0	42459
NIGP01001819	0	42409
NIGP01000280	0	42405
NIGP01002151	0	42402
NIGP01001833	0	42393
NIGP01000969	0	42323
NIGP01001708	0	42203
NIGP01002273	0	42113
NIGP01001084	0	42077
NIGP01001059	0	42027
NIGP01002283	0	42026
NIGP01000596	0	41950
NIGP01001807	0	41943
NIGP01000641	0	41920
NIGP01000375	0	41885
NIGP01000507	0	41869
NIGP01000714	0	41839
NIGP01001673	0	41832
NIGP01001880	0	41831
NIGP01000852	0	41820
NIGP01000348	0	41770
NIGP01002042	0	41746
NIGP01000344	0	41722
NIGP01000489	0	41698
NIGP01000757	0	41680
NIGP01000340	0	41658
NIGP01000447	0	41582
NIGP01001805	0	41478
NIGP01000374	0	41454
NIGP01001700	0	41450
NIGP01000713	0	41414
NIGP01000069	0	41369
NIGP01002122	0	41298
NIGP01000734	0	41221
NIGP01000047	0	41188
NIGP01001958	0	41186
NIGP01001890	0	41104
NIGP01000453	0	41095
NIGP01001994	0	41031
NIGP01000805	0	40926
NIGP01001749	0	40856
NIGP01002180	0	40827
NIGP01001979	0	40810
NIGP01000621	0	40773
NIGP01000694	0	40765
NIGP01000972	0	40750
NIGP01001968	0	40745
NIGP01001839	0	40741
NIGP01000449	0	40725
NIGP01001989	0	40706
NIGP01001960	0	40658
NIGP01000209	0	40651
NIGP01002187	0	40619
NIGP01000156	0	40451
NIGP01002001	0	40432
NIGP01001813	0	40422
NIGP01000150	0	40349
NIGP01000991	0	40330
NIGP01002084	0	40269
NIGP01000514	0	40214
NIGP01002039	0	40105
NIGP01000871	0	40098
NIGP01001440	0	40030
NIGP01001739	0	40004
NIGP01001713	0	39974
NIGP01000157	0	39873
NIGP01001842	0	39865
NIGP01001073	0	39864
NIGP01000005	0	39846
NIGP01000285	0	39840
NIGP01001281	0	39780
NIGP01001572	0	39763
NIGP01000786	0	39746
NIGP01001867	0	39725
NIGP01002158	0	39662
NIGP01001521	0	39644
NIGP01000084	0	39626
NIGP01002086	0	39621
NIGP01001338	0	39618
NIGP01001517	0	39597
NIGP01002189	0	39559
NIGP01000919	0	39455
NIGP01001530	0	39440
NIGP01000635	0	39418
NIGP01000107	0	39364
NIGP01000204	0	39343
NIGP01001785	0	39337
NIGP01000644	0	39328
NIGP01001014	0	2732
NIGP01001014	2732	5464
NIGP01001014	5464	8196
NIGP01001014	8196	10928
NIGP01001014	10928	13660
NIGP01001014	13660	39321
NIGP01002228	0	39184
NIGP01000228	0	39151
NIGP01002264	0	39138
NIGP01000557	0	39134
NIGP01000329	0	39116
NIGP01000539	0	39110
NIGP01001630	0	39066
NIGP01001049	0	39064
NIGP01002110	0	39036
NIGP01000246	0	38999
NIGP01000049	0	38975
NIGP01002128	0	38927
NIGP01001439	0	38852
NIGP01002101	0	38810
NIGP01002129	0	38780
NIGP01001952	0	38760
NIGP01000999	0	38739
NIGP01000411	0	38734
NIGP01001146	0	38733
NIGP01001074	0	38703
NIGP01000750	0	38698
NIGP01000096	0	38664
NIGP01001811	0	38655
NIGP01002308	0	38616
NIGP01000718	0	38588
NIGP01002193	0	38581
NIGP01001047	0	38553
NIGP01000938	0	38549
NIGP01000053	0	38546
NIGP01001041	0	38492
NIGP01001595	0	38468
NIGP01001752	0	38443
NIGP01000362	0	38428
NIGP01001733	0	38371
NIGP01000547	0	38297
NIGP01000710	0	38290
NIGP01002288	0	38288
NIGP01002177	0	38286
NIGP01001230	0	38223
NIGP01001533	0	38217
NIGP01001838	0	38190
NIGP01002186	0	38190
NIGP01001691	0	38189
NIGP01000330	0	38183
NIGP01001301	0	38157
NIGP01000667	0	38128
NIGP01000617	0	38101
NIGP01000441	0	38054
NIGP01001240	0	38051
NIGP01001991	0	38033
NIGP01001046	0	38010
NIGP01000041	0	37991
NIGP01002130	0	37991
NIGP01000633	0	37989
NIGP01000907	0	37983
NIGP01001018	0	37978
NIGP01000832	0	37947
NIGP01001519	0	37940
NIGP01001821	0	37932
NIGP01001153	0	37876
NIGP01000017	0	37859
NIGP01001217	0	37824
NIGP01000654	0	37777
NIGP01001795	0	37712
NIGP01000422	0	37702
NIGP01000967	0	37621
NIGP01000942	0	37601
NIGP01000609	0	37583
NIGP01000428	0	37558
NIGP01000560	0	37541
NIGP01000401	0	37521
NIGP01001081	0	37512
NIGP01000652	0	37486
NIGP01001783	0	37471
NIGP01000055	0	37460
NIGP01000177	0	37424
NIGP01000882	0	37421
NIGP01001067	0	37416
NIGP01000326	0	37374
NIGP01002229	0	37369
NIGP01000334	0	37191
NIGP01000616	0	37184
NIGP01000238	0	37180
NIGP01000742	0	37155
NIGP01000543	0	37152
NIGP01001034	0	37119
NIGP01000843	0	37100
NIGP01002118	0	37096
NIGP01000663	0	37094
NIGP01001178	0	37085
NIGP01000310	0	37057
NIGP01000979	0	37039
NIGP01000233	0	37024
NIGP01001828	0	36993
NIGP01000465	0	36988
NIGP01000953	0	36970
NIGP01000649	0	36950
NIGP01001993	0	36917
NIGP01002298	0	36816
NIGP01000394	0	36767
NIGP01001743	0	36764
NIGP01001558	0	36711
NIGP01001015	0	36673
NIGP01000377	0	36602
NIGP01000970	0	36599
NIGP01000948	0	36589
NIGP01001509	0	36558
NIGP01002025	0	36474
NIGP01001563	0	36469
NIGP01001677	0	36449
NIGP01001216	0	36432
NIGP01000436	0	36424
NIGP01000715	0	36407
NIGP01001195	0	36405
NIGP01000261	0	36339
NIGP01001901	0	36310
NIGP01000481	0	36273
NIGP01000811	0	36252
NIGP01002296	0	36165
NIGP01000674	0	36136
NIGP01001777	0	36134
NIGP01000877	0	36115
NIGP01000683	0	36100
NIGP01000632	0	36098
NIGP01000546	0	36093
NIGP01000752	0	36090
NIGP01000010	0	36088
NIGP01001660	0	36073
NIGP01000421	0	36065
NIGP01001581	0	36062
NIGP01000501	0	36033
NIGP01000082	0	36027
NIGP01000089	0	35991
NIGP01001897	0	35946
NIGP01000195	0	35937
NIGP01001710	0	35933
NIGP01002005	0	35884
NIGP01001862	0	35874
NIGP01000373	0	35822
NIGP01001421	0	35822
NIGP01000960	0	35821
NIGP01001996	0	35797
NIGP01000093	0	35781
NIGP01001778	0	35761
NIGP01000977	0	35739
NIGP01002241	0	35731
NIGP01000589	0	35659
NIGP01000804	0	35589
NIGP01000878	0	35558
NIGP01000478	0	35553
NIGP01002052	0	35551
NIGP01001938	0	35533
NIGP01000325	0	35528
NIGP01000126	0	35509
NIGP01001990	0	35500
NIGP01000855	0	35424
NIGP01001097	0	35404
NIGP01000427	0	35403
NIGP01000591	0	35400
NIGP01001400	0	35384
NIGP01000740	0	35371
NIGP01000207	0	35353
NIGP01001079	0	35313
NIGP01000305	0	35312
NIGP01001406	0	35310
NIGP01001069	0	35305
NIGP01000353	0	35266
NIGP01001512	0	35244
NIGP01001078	0	35208
NIGP01000306	0	35196
NIGP01000400	0	35181
NIGP01001564	0	35181
NIGP01000872	0	35086
NIGP01000208	0	35082
NIGP01000527	0	35071
NIGP01002056	0	35069
NIGP01001553	0	35067
NIGP01000288	0	35047
NIGP01001626	0	35047
NIGP01000951	0	35043
NIGP01002115	0	34961
NIGP01000978	0	34955
NIGP01000834	0	34938
NIGP01001552	0	34938
NIGP01000258	0	34889
NIGP01000220	0	34869
NIGP01001705	0	34868
NIGP01000679	0	34844
NIGP01001011	0	34827
NIGP01000191	0	34816
NIGP01000222	0	34771
NIGP01001012	0	34769
NIGP01002217	0	34742
NIGP01001119	0	34731
NIGP01001681	0	34664
NIGP01001761	0	34661
NIGP01000245	0	34646
NIGP01000364	0	34641
NIGP01000419	0	34615
NIGP01001628	0	34589
NIGP01000585	0	34555
NIGP01000566	0	34551
NIGP01000906	0	34548
NIGP01000520	0	34522
NIGP01001513	0	34518
NIGP01000695	0	34514
NIGP01002164	0	34476
NIGP01000661	0	34435
NIGP01002097	0	34404
NIGP01001636	0	34403
NIGP01002144	0	34391
NIGP01001025	0	34380
NIGP01001026	0	34366
NIGP01000721	0	34325
NIGP01000529	0	34288
NIGP01000410	0	34254
NIGP01001975	0	34196
NIGP01002015	0	34196
NIGP01001589	0	34180
NIGP01000655	0	34154
NIGP01000576	0	34103
NIGP01001575	0	34076
NIGP01000264	0	34075
NIGP01000298	0	34064
NIGP01001302	0	34050
NIGP01000983	0	34049
NIGP01001719	0	34006
NIGP01002030	0	33991
NIGP01002007	0	33975
NIGP01001674	0	33973
NIGP01000588	0	33967
NIGP01000343	0	33950
NIGP01001381	0	33936
NIGP01000912	0	33933
NIGP01002284	0	33927
NIGP01000015	0	33902
NIGP01001831	0	33888
NIGP01001841	0	33873
NIGP01001692	0	33853
NIGP01002265	0	33834
NIGP01000554	0	33824
NIGP01001370	0	33813
NIGP01001574	0	33810
NIGP01000418	0	33784
NIGP01001868	0	33777
NIGP01000862	0	33754
NIGP01000249	0	33731
NIGP01002243	0	33729
NIGP01000006	0	33725
NIGP01001978	0	33715
NIGP01000556	0	33707
NIGP01001616	0	33693
NIGP01000850	0	33692
NIGP01001605	0	33673
NIGP01002165	0	33664
NIGP01002049	0	33654
NIGP01000708	0	33631
NIGP01001583	0	33630
NIGP01001693	0	33629
NIGP01000783	0	33619
NIGP01001825	0	33619
NIGP01000861	0	33596
NIGP01001775	0	33562
NIGP01000250	0	33551
NIGP01001889	0	33551
NIGP01001056	0	33539
NIGP01001726	0	33513
NIGP01000143	0	33464
NIGP01000555	0	33452
NIGP01000839	0	33448
NIGP01000696	0	33442
NIGP01002071	0	33423
NIGP01001920	0	33417
NIGP01001623	0	33404
NIGP01000943	0	33401
NIGP01002066	0	33396
NIGP01000271	0	33382
NIGP01001932	0	33378
NIGP01000267	0	33376
NIGP01000894	0	33334
NIGP01000630	0	33329
NIGP01001237	0	33328
NIGP01002194	0	33321
NIGP01002050	0	33314
NIGP01002222	0	33310
NIGP01002200	0	33300
NIGP01000611	0	33293
NIGP01001686	0	33293
NIGP01000719	0	33289
NIGP01001734	0	33276
NIGP01000847	0	33256
NIGP01002295	0	33210
NIGP01001655	0	33180
NIGP01000172	0	33178
NIGP01001226	0	33147
NIGP01002268	0	33144
NIGP01001083	0	33103
NIGP01001621	0	33102
NIGP01000116	0	33092
NIGP01002033	0	33091
NIGP01001802	0	33089
NIGP01000051	0	33041
NIGP01002027	0	33029
NIGP01000618	0	33022
NIGP01000171	0	33004
NIGP01002258	0	32999
NIGP01000391	0	32997
NIGP01002109	0	32986
NIGP01000332	0	32983
NIGP01000239	0	32977
NIGP01001267	0	32953
NIGP01001822	0	32932
NIGP01000849	0	32917
NIGP01000102	0	32865
NIGP01000698	0	32849
NIGP01000223	0	32838
NIGP01001016	0	32808
NIGP01001491	0	32789
NIGP01000202	0	32776
NIGP01000917	0	32748
NIGP01000492	0	32747
NIGP01001089	0	32740
NIGP01001957	0	32723
NIGP01000954	0	32716
NIGP01001830	0	32711
NIGP01000660	0	32664
NIGP01001843	0	32625
NIGP01000801	0	32612
NIGP01001765	0	32606
NIGP01000524	0	32577
NIGP01000586	0	32533
NIGP01001604	0	32525
NIGP01002075	0	32516
NIGP01001090	0	32505
NIGP01001735	0	32484
NIGP01000659	0	32478
NIGP01000795	0	32467
NIGP01000237	0	32412
NIGP01000319	0	32392
NIGP01002287	0	32387
NIGP01001667	0	32379
NIGP01000799	0	32375
NIGP01001738	0	32373
NIGP01000028	0	32368
NIGP01000642	0	32363
NIGP01000236	0	32356
NIGP01002224	0	32333
NIGP01001684	0	32305
NIGP01001585	0	32288
NIGP01002270	0	32260
NIGP01000937	0	32244
NIGP01001699	0	32210
NIGP01001701	0	32204
NIGP01000884	0	32191
NIGP01001702	0	32179
NIGP01000137	0	32178
NIGP01000827	0	32134
NIGP01001747	0	32134
NIGP01001544	0	32092
NIGP01001555	0	32088
NIGP01002076	0	32086
NIGP01001003	0	32024
NIGP01001576	0	32020
NIGP01000030	0	31972
NIGP01001438	0	31958
NIGP01000127	0	31923
NIGP01001865	0	31919
NIGP01002098	0	31888
NIGP01001760	0	31876
NIGP01001643	0	31863
NIGP01000612	0	31844
NIGP01000452	0	31843
NIGP01001806	0	31841
NIGP01001571	0	31796
NIGP01000293	0	31794
NIGP01001328	0	31794
NIGP01001359	0	31784
NIGP01000230	0	31771
NIGP01002182	0	31771
NIGP01001437	0	31753
NIGP01001745	0	31690
NIGP01001532	0	31687
NIGP01001556	0	31680
NIGP01002100	0	31678
NIGP01000564	0	31664
NIGP01001565	0	31660
NIGP01001363	0	31658
NIGP01000472	0	31656
NIGP01001801	0	31649
NIGP01000921	0	31639
NIGP01000998	0	31621
NIGP01000442	0	31606
NIGP01001611	0	31527
NIGP01002236	0	31494
NIGP01000531	0	31484
NIGP01002303	0	31484
NIGP01001502	0	31483
NIGP01001332	0	31454
NIGP01001937	0	31444
NIGP01001515	0	31435
NIGP01000864	0	31422
NIGP01001547	0	31417
NIGP01001878	0	31406
NIGP01000731	0	31398
NIGP01000299	0	31396
NIGP01002247	0	31391
NIGP01001827	0	31377
NIGP01001680	0	31376
NIGP01000346	0	31368
NIGP01002276	0	31363
NIGP01001063	0	31355
NIGP01002040	0	31349
NIGP01001312	0	31339
NIGP01001341	0	31322
NIGP01000846	0	31313
NIGP01000966	0	31301
NIGP01000562	0	31290
NIGP01001967	0	31229
NIGP01000887	0	31228
NIGP01000333	0	31217
NIGP01001000	0	31194
NIGP01001446	0	6236
NIGP01001446	6236	12472
NIGP01001446	12472	18708
NIGP01001446	18708	24944
NIGP01001446	24944	31181
NIGP01001270	0	31164
NIGP01000147	0	31162
NIGP01001756	0	31159
NIGP01001504	0	31152
NIGP01002088	0	31149
NIGP01000873	0	31123
NIGP01002125	0	31106
NIGP01000133	0	31089
NIGP01001549	0	31087
NIGP01002004	0	31076
NIGP01000114	0	31073
NIGP01001104	0	31043
NIGP01000841	0	31033
NIGP01000221	0	31026
NIGP01001329	0	31013
NIGP01000324	0	31010
NIGP01002012	0	31005
NIGP01000898	0	30986
NIGP01002306	0	30960
NIGP01001772	0	30956
NIGP01000048	0	30938
NIGP01001452	0	30919
NIGP01000412	0	30881
NIGP01001620	0	30856
NIGP01000886	0	30855
NIGP01000984	0	30819
NIGP01000273	0	30815
NIGP01000623	0	30815
NIGP01000145	0	30809
NIGP01001501	0	30809
NIGP01001520	0	30787
NIGP01000490	0	30763
NIGP01000162	0	30756
NIGP01000241	0	30739
NIGP01001984	0	30737
NIGP01000004	0	30735
NIGP01000651	0	30720
NIGP01001981	0	30718
NIGP01001983	0	30700
NIGP01000341	0	30690
NIGP01001057	0	30664
NIGP01001578	0	30663
NIGP01000179	0	30657
NIGP01001715	0	30634
NIGP01000382	0	30600
NIGP01001714	0	30598
NIGP01000672	0	30571
NIGP01002307	0	30557
NIGP01001716	0	30554
NIGP01000317	0	30549
NIGP01000466	0	30522
NIGP01000105	0	30517
NIGP01001656	0	30508
NIGP01002116	0	30508
NIGP01000756	0	30483
NIGP01000059	0	30481
NIGP01000122	0	30469
NIGP01000797	0	30464
NIGP01000227	0	30455
NIGP01001962	0	30440
NIGP01001506	0	30436
NIGP01000755	0	30404
NIGP01001729	0	30396
NIGP01001190	0	30354
NIGP01001283	0	30354
NIGP01000889	0	30344
NIGP01001482	0	30332
NIGP01000035	0	30262
NIGP01001404	0	30256
NIGP01001354	0	30246
NIGP01000515	0	30245
NIGP01002093	0	30212
NIGP01002141	0	30198
NIGP01001871	0	30137
NIGP01000712	0	30121
NIGP01000260	0	30120
NIGP01000359	0	30117
NIGP01001568	0	30048
NIGP01000100	0	30044
NIGP01000989	0	30028
NIGP01000606	0	30009
NIGP01000717	0	30006
NIGP01000129	0	29998
NIGP01001619	0	29980
NIGP01001618	0	29978
NIGP01000086	0	29972
NIGP01002017	0	29955
NIGP01001043	0	29936
NIGP01002043	0	29929
NIGP01001883	0	29911
NIGP01000763	0	29894
NIGP01000758	0	29884
NIGP01000765	0	29860
NIGP01001145	0	29819
NIGP01002162	0	29791
NIGP01000445	0	29778
NIGP01001899	0	29776
NIGP01000826	0	29768
NIGP01002294	0	29755
NIGP01002112	0	29749
NIGP01000155	0	29735
NIGP01001762	0	29722
NIGP01001959	0	29705
NIGP01002147	0	29683
NIGP01000342	0	29670
NIGP01001906	0	29670
NIGP01000781	0	29663
NIGP01000141	0	29639
NIGP01002305	0	29610
NIGP01002301	0	29599
NIGP01000164	0	29596
NIGP01000833	0	29594
NIGP01001091	0	29575
NIGP01002059	0	29524
NIGP01000065	0	29489
NIGP01000420	0	29489
NIGP01001724	0	29484
NIGP01000151	0	29483
NIGP01000803	0	29462
NIGP01002279	0	29455
NIGP01000947	0	29416
NIGP01001900	0	29402
NIGP01000545	0	29399
NIGP01000083	0	29398
NIGP01000995	0	29394
NIGP01001766	0	29393
NIGP01001376	0	29384
NIGP01002063	0	29383
NIGP01001531	0	29378
NIGP01002079	0	29378
NIGP01001792	0	29374
NIGP01001485	0	29358
NIGP01000724	0	29349
NIGP01000982	0	29346
NIGP01000883	0	29341
NIGP01000622	0	29310
NIGP01001722	0	29300
NIGP01001782	0	29295
NIGP01002292	0	29294
NIGP01001646	0	29284
NIGP01001335	0	29276
NIGP01001954	0	29260
NIGP01000830	0	29244
NIGP01000910	0	29171
NIGP01002290	0	29164
NIGP01000309	0	29148
NIGP01001662	0	29144
NIGP01000582	0	29110
NIGP01002252	0	29088
NIGP01000974	0	29058
NIGP01001152	0	29055
NIGP01001997	0	29050
NIGP01001787	0	29006
NIGP01001665	0	28995
NIGP01000186	0	28988
NIGP01002102	0	28984
NIGP01000251	0	28976
NIGP01000120	0	28968
NIGP01002026	0	28957
NIGP01000331	0	28954
NIGP01001731	0	28927
NIGP01000011	0	28919
NIGP01000927	0	28894
NIGP01002008	0	28875
NIGP01001108	0	28858
NIGP01002237	0	28858
NIGP01000691	0	28851
NIGP01000518	0	28840
NIGP01002023	0	28830
NIGP01001689	0	28827
NIGP01001293	0	28810
NIGP01001023	0	28771
NIGP01000692	0	28748
NIGP01000499	0	28745
NIGP01002038	0	28745
NIGP01000824	0	28740
NIGP01002137	0	28723
NIGP01001262	0	28721
NIGP01000312	0	28712
NIGP01002092	0	28697
NIGP01000738	0	28689
NIGP01001522	0	28665
NIGP01000940	0	28662
NIGP01001010	0	28658
NIGP01000079	0	28639
NIGP01001163	0	28611
NIGP01000509	0	28575
NIGP01001110	0	28557
NIGP01001644	0	28534
NIGP01001382	0	28510
NIGP01001969	0	28509
NIGP01000073	0	28488
NIGP01001799	0	28487
NIGP01000926	0	28481
NIGP01001075	0	28470
NIGP01001800	0	28470
NIGP01000814	0	28468
NIGP01001694	0	28463
NIGP01000474	0	28448
NIGP01001596	0	28445
NIGP01002000	0	28439
NIGP01002304	0	28422
NIGP01001794	0	28410
NIGP01000200	0	28386
NIGP01000357	0	28382
NIGP01000829	0	28379
NIGP01000435	0	28375
NIGP01000808	0	28363
NIGP01001820	0	28354
NIGP01000603	0	28344
NIGP01000615	0	28339
NIGP01001535	0	28332
NIGP01002003	0	28326
NIGP01000605	0	28325
NIGP01002136	0	28323
NIGP01000165	0	28319
NIGP01000224	0	28313
NIGP01002114	0	28308
NIGP01000296	0	28307
NIGP01001882	0	28292
NIGP01000782	0	28290
NIGP01001174	0	28264
NIGP01001823	0	28261
NIGP01001659	0	28255
NIGP01000153	0	28218
NIGP01000936	0	28216
NIGP01001021	0	28204
NIGP01001617	0	28204
NIGP01000561	0	28197
NIGP01000739	0	28188
NIGP01001407	0	28182
NIGP01002053	0	28179
NIGP01001824	0	28172
NIGP01000117	0	28166
NIGP01001580	0	28165
NIGP01002262	0	28163
NIGP01001173	0	28155
NIGP01001560	0	28135
NIGP01001577	0	28123
NIGP01001964	0	28111
NIGP01001706	0	28100
NIGP01001972	0	28099
NIGP01001587	0	28081
NIGP01001653	0	28071
NIGP01000423	0	28068
NIGP01001872	0	28064
NIGP01000913	0	28058
NIGP01001614	0	28043
NIGP01000491	0	28036
NIGP01000706	0	28028
NIGP01000284	0	28006
NIGP01000822	0	28006
NIGP01002062	0	27999
NIGP01000601	0	27993
NIGP01000994	0	27973
NIGP01002119	0	27960
NIGP01001088	0	27951
NIGP01000934	0	27947
NIGP01001916	0	27920
NIGP01001179	0	27919
NIGP01001685	0	27916
NIGP01001087	0	27884
NIGP01001418	0	27868
NIGP01000225	0	27855
NIGP01000498	0	27846
NIGP01000192	0	27845
NIGP01000772	0	27842
NIGP01000438	0	27827
NIGP01001936	0	27827
NIGP01001742	0	27766
NIGP01000925	0	27734
NIGP01002011	0	27723
NIGP01000778	0	27714
NIGP01001005	0	27689
NIGP01001273	0	27646
NIGP01000339	0	27639
NIGP01001130	0	27617
NIGP01001183	0	27611
NIGP01001999	0	27608
NIGP01000314	0	27607
NIGP01002174	0	27601
NIGP01001523	0	27599
NIGP01001854	0	27588
NIGP01000234	0	27534
NIGP01000109	0	27522
NIGP01000610	0	27520
NIGP01001529	0	27520
NIGP01001594	0	27489
NIGP01001903	0	27489
NIGP01000677	0	27482
NIGP01001779	0	27467
NIGP01000704	0	27464
NIGP01000931	0	27464
NIGP01001431	0	27452
NIGP01000439	0	27451
NIGP01001590	0	27433
NIGP01001832	0	27432
NIGP01000980	0	27419
NIGP01002070	0	27412
NIGP01000360	0	27404
NIGP01000211	0	27398
NIGP01001682	0	27386
NIGP01000690	0	27383
NIGP01000487	0	27373
NIGP01001953	0	27349
NIGP01001798	0	27348
NIGP01001032	0	27347
NIGP01000671	0	27334
NIGP01001525	0	27319
NIGP01000741	0	27313
NIGP01001746	0	27285
NIGP01000733	0	27281
NIGP01000338	0	27269
NIGP01000788	0	27266
NIGP01000653	0	27251
NIGP01000308	0	27238
NIGP01001789	0	27219
NIGP01000796	0	27211
NIGP01001426	0	27210
NIGP01001229	0	27195
NIGP01001013	0	27174
NIGP01002204	0	27168
NIGP01000517	0	27155
NIGP01000111	0	27130
NIGP01000029	0	27129
NIGP01000345	0	27118
NIGP01000385	0	27118
NIGP01000483	0	27107
NIGP01000703	0	27101
NIGP01000567	0	27076
NIGP01002142	0	27074
NIGP01000594	0	27047
NIGP01001184	0	27041
NIGP01001296	0	27016
NIGP01001527	0	26992
NIGP01000078	0	26984
NIGP01001052	0	26965
NIGP01000530	0	26961
NIGP01000455	0	26958
NIGP01001894	0	26954
NIGP01001006	0	26949
NIGP01002281	0	26947
NIGP01000318	0	26934
NIGP01001776	0	26925
NIGP01001955	0	26922
NIGP01002233	0	26921
NIGP01000613	0	26918
NIGP01001946	0	26893
NIGP01000685	0	26885
NIGP01000626	0	26883
NIGP01002061	0	26875
NIGP01000625	0	26871
NIGP01000406	0	26857
NIGP01000519	0	26846
NIGP01001624	0	26837
NIGP01002131	0	26826
NIGP01000922	0	26822
NIGP01000687	0	26811
NIGP01001973	0	26808
NIGP01001559	0	26806
NIGP01000688	0	26768
NIGP01001974	0	26757
NIGP01001181	0	26752
NIGP01000964	0	26747
NIGP01000990	0	26733
NIGP01002019	0	26724
NIGP01001632	0	26696
NIGP01002016	0	26688
NIGP01000793	0	26684
NIGP01000040	0	26673
NIGP01001373	0	26664
NIGP01002010	0	26661
NIGP01002094	0	26660
NIGP01001055	0	26645
NIGP01001054	0	26623
NIGP01000064	0	26610
NIGP01001287	0	26603
NIGP01001500	0	26589
NIGP01001071	0	26584
NIGP01000506	0	26582
NIGP01000108	0	26577
NIGP01000358	0	26571
NIGP01000496	0	26545
NIGP01001348	0	26545
NIGP01000551	0	26520
NIGP01000905	0	26518
NIGP01000897	0	26509
NIGP01000313	0	26505
NIGP01001633	0	26504
NIGP01001709	0	26501
NIGP01000488	0	26486
NIGP01001351	0	26475
NIGP01002156	0	26462
NIGP01000792	0	26456
NIGP01001812	0	26406
NIGP01001860	0	26404
NIGP01000569	0	26378
NIGP01000549	0	26369
NIGP01000526	0	26320
NIGP01001248	0	26320
NIGP01000071	0	26317
NIGP01000876	0	26292
NIGP01000571	0	26282
NIGP01001876	0	26262
NIGP01001648	0	26261
NIGP01001881	0	26256
NIGP01000702	0	26244
NIGP01001773	0	26226
NIGP01001275	0	26218
NIGP01000297	0	26210
NIGP01000349	0	26206
NIGP01001232	0	26190
NIGP01000270	0	26187
NIGP01002037	0	26177
NIGP01002120	0	26162
NIGP01000595	0	26159
NIGP01002080	0	26156
NIGP01002013	0	26152
NIGP01002006	0	26142
NIGP01001853	0	26135
NIGP01000396	0	26130
NIGP01000993	0	26125
NIGP01000572	0	26111
NIGP01000075	0	26099
NIGP01000676	0	26097
NIGP01001730	0	26091
NIGP01001931	0	26088
NIGP01001647	0	26086
NIGP01000066	0	26078
NIGP01002219	0	26078
NIGP01000844	0	26070
NIGP01000851	0	26065
NIGP01002190	0	26027
NIGP01000448	0	26021
NIGP01000136	0	26005
NIGP01000183	0	26005
NIGP01001259	0	25993
NIGP01001645	0	25989
NIGP01002069	0	25971
NIGP01000961	0	25942
NIGP01001998	0	25937
NIGP01000686	0	25920
NIGP01002140	0	25918
NIGP01001543	0	25915
NIGP01001496	0	25914
NIGP01001213	0	25898
NIGP01000770	0	25892
NIGP01000787	0	25884
NIGP01001274	0	25880
NIGP01001001	0	25878
NIGP01001687	0	25858
NIGP01001044	0	25857
NIGP01002271	0	25856
NIGP01000538	0	25852
NIGP01001448	0	25847
NIGP01000794	0	25818
NIGP01001637	0	25805
NIGP01001092	0	25803
NIGP01000771	0	25797
NIGP01001383	0	25758
NIGP01000693	0	25747
NIGP01001939	0	25737
NIGP01001228	0	25733
NIGP01001924	0	25717
NIGP01000997	0	25715
NIGP01000773	0	25694
NIGP01000918	0	25694
NIGP01000479	0	25691
NIGP01000043	0	25690
NIGP01000176	0	25683
NIGP01001495	0	25666
NIGP01001278	0	25665
NIGP01000508	0	25662
NIGP01001537	0	25646
NIGP01000669	0	25618
NIGP01002081	0	25594
NIGP01000199	0	25592
NIGP01001518	0	25591
NIGP01001607	0	25591
NIGP01000320	0	25585
NIGP01000112	0	25550
NIGP01000624	0	25543
NIGP01001305	0	25517
NIGP01001045	0	25507
NIGP01001836	0	25503
NIGP01001926	0	25502
NIGP01000024	0	25500
NIGP01000181	0	25487
NIGP01000462	0	25479
NIGP01000553	0	25473
NIGP01002041	0	25471
NIGP01000559	0	25447
NIGP01000085	0	25436
NIGP01001038	0	25435
NIGP01000262	0	25422
NIGP01000170	0	25392
NIGP01000825	0	25344
NIGP01001124	0	25343
NIGP01000762	0	25323
NIGP01001040	0	25313
NIGP01001051	0	25284
NIGP01001640	0	25282
NIGP01001666	0	25271
NIGP01000193	0	25262
NIGP01000365	0	25262
NIGP01001913	0	25242
NIGP01000368	0	25234
NIGP01000743	0	25223
NIGP01000500	0	25217
NIGP01000350	0	25186
NIGP01000370	0	25161
NIGP01001718	0	25150
NIGP01000776	0	25138
NIGP01001538	0	25122
NIGP01001788	0	25118
NIGP01001669	0	25103
NIGP01000431	0	25096
NIGP01001879	0	25089
NIGP01001663	0	25076
NIGP01001396	0	25066
NIGP01001840	0	25061
NIGP01002051	0	25039
NIGP01000746	0	25038
NIGP01001096	0	25014
NIGP01001050	0	24978
NIGP01001951	0	24976
NIGP01001947	0	24957
NIGP01002036	0	24948
NIGP01001562	0	24921
NIGP01000248	0	24910
NIGP01000352	0	24875
NIGP01001037	0	24859
NIGP01002090	0	24848
NIGP01000012	0	24835
NIGP01001790	0	24831
NIGP01001912	0	24817
NIGP01001784	0	24812
NIGP01002214	0	24808
NIGP01000628	0	24794
NIGP01000076	0	24791
NIGP01000729	0	24777
NIGP01001910	0	24768
NIGP01001343	0	24766
NIGP01000707	0	24757
NIGP01000131	0	24730
NIGP01000351	0	24728
NIGP01001316	0	24725
NIGP01001020	0	24714
NIGP01000404	0	24695
NIGP01000132	0	24678
NIGP01000933	0	24673
NIGP01000389	0	24672
NIGP01001588	0	24668
NIGP01000277	0	24667
NIGP01000730	0	24662
NIGP01000929	0	24649
NIGP01000816	0	24642
NIGP01001276	0	24634
NIGP01001413	0	24609
NIGP01002108	0	24609
NIGP01000469	0	24579
NIGP01000681	0	24579
NIGP01001470	0	24567
NIGP01001308	0	24552
NIGP01000732	0	24551
NIGP01000932	0	24544
NIGP01000973	0	24540
NIGP01001199	0	24529
NIGP01000701	0	24501
NIGP01000935	0	24501
NIGP01000027	0	24487
NIGP01000068	0	24481
NIGP01000895	0	24472
NIGP01002048	0	24445
NIGP01001403	0	24422
NIGP01001198	0	24408
NIGP01001930	0	24380
NIGP01000939	0	24335
NIGP01000042	0	24332
NIGP01000540	0	24321
NIGP01001299	0	24312
NIGP01001369	0	24293
NIGP01002123	0	24289
NIGP01001963	0	24287
NIGP01001995	0	24263
NIGP01000952	0	24259
NIGP01001095	0	24259
NIGP01002060	0	24256
NIGP01002272	0	24245
NIGP01001625	0	24241
NIGP01001257	0	24232
NIGP01001070	0	24223
NIGP01000744	0	24207
NIGP01000166	0	24204
NIGP01000550	0	24181
NIGP01001817	0	24177
NIGP01001861	0	24167
NIGP01000981	0	24151
NIGP01001177	0	24146
NIGP01002145	0	24138
NIGP01000372	0	24126
NIGP01001723	0	24115
NIGP01001033	0	24060
NIGP01000347	0	24043
NIGP01001610	0	24027
NIGP01001261	0	24010
NIGP01001004	0	23996
NIGP01002124	0	23973
NIGP01001201	0	23954
NIGP01001732	0	23951
NIGP01000135	0	23927
NIGP01001236	0	23920
NIGP01000798	0	23862
NIGP01001526	0	23846
NIGP01000104	0	23836
NIGP01001859	0	23824
NIGP01001664	0	23811
NIGP01001864	0	23807
NIGP01000955	0	23805
NIGP01002274	0	23795
NIGP01001142	0	23782
NIGP01001233	0	23769
NIGP01000930	0	23755
NIGP01001238	0	23747
NIGP01002285	0	23722
NIGP01000590	0	23721
NIGP01001627	0	23700
NIGP01001905	0	23698
NIGP01001992	0	23687
NIGP01000054	0	23670
NIGP01001631	0	23655
NIGP01002107	0	23641
NIGP01000395	0	23631
NIGP01001895	0	23629
NIGP01002138	0	23622
NIGP01000604	0	23564
NIGP01000461	0	23556
NIGP01002148	0	23518
NIGP01001222	0	23515
NIGP01001548	0	23457
NIGP01001740	0	23451
NIGP01001907	0	23415
NIGP01000240	0	23399
NIGP01002085	0	23386
NIGP01002117	0	23331
NIGP01000716	0	23305
NIGP01001401	0	23304
NIGP01001609	0	23297
NIGP01000860	0	23291
NIGP01000992	0	23280
NIGP01002111	0	23259
NIGP01000689	0	23228
NIGP01001970	0	23212
NIGP01002105	0	23178
NIGP01001582	0	23173
NIGP01002135	0	23167
NIGP01000914	0	23161
NIGP01001042	0	23143
NIGP01001196	0	23129
NIGP01000235	0	23069
NIGP01000244	0	23050
NIGP01000570	0	23007
NIGP01000430	0	22981
NIGP01001922	0	22981
NIGP01001422	0	22961
NIGP01002132	0	22948
NIGP01000485	0	22932
NIGP01001652	0	22918
NIGP01002018	0	22906
NIGP01002227	0	22870
NIGP01000513	0	22847
NIGP01000152	0	22818
NIGP01002134	0	22817
NIGP01001356	0	22804
NIGP01002259	0	22775
NIGP01000614	0	22763
NIGP01000668	0	22748
NIGP01001679	0	22748
NIGP01000446	0	22737
NIGP01000812	0	22727
NIGP01000754	0	22699
NIGP01000971	0	22645
NIGP01001408	0	22615
NIGP01001210	0	22592
NIGP01000835	0	22587
NIGP01002150	0	22565
NIGP01002057	0	22561
NIGP01001204	0	22531
NIGP01000592	0	22505
NIGP01000631	0	22485
NIGP01000502	0	22450
NIGP01001227	0	22429
NIGP01000067	0	22416
NIGP01001345	0	22353
NIGP01001804	0	22332
NIGP01002143	0	22291
NIGP01002021	0	22273
NIGP01000874	0	22267
NIGP01001985	0	22246
NIGP01002195	0	22246
NIGP01000287	0	22227
NIGP01001850	0	22214
NIGP01001654	0	22213
NIGP01002198	0	22194
NIGP01000115	0	22176
NIGP01001591	0	22172
NIGP01000023	0	22171
NIGP01000684	0	22171
NIGP01001022	0	22106
NIGP01001550	0	22084
NIGP01001377	0	22080
NIGP01001143	0	22076
NIGP01001317	0	22067
NIGP01000584	0	22018
NIGP01001670	0	22017
NIGP01000231	0	21996
NIGP01000090	0	21944
NIGP01000300	0	21938
NIGP01002166	0	21927
NIGP01001649	0	21913
NIGP01001417	0	21881
NIGP01000074	0	21876
NIGP01001944	0	21865
NIGP01000484	0	21849
NIGP01000705	0	21813
NIGP01000528	0	21793
NIGP01000891	0	21744
NIGP01000868	0	21743
NIGP01001592	0	21696
NIGP01001364	0	21691
NIGP01000138	0	21690
NIGP01001141	0	21681
NIGP01002171	0	21639
NIGP01000544	0	21609
NIGP01000459	0	21603
NIGP01001541	0	21535
NIGP01001243	0	21504
NIGP01000928	0	21503
NIGP01001292	0	21481
NIGP01001597	0	21477
NIGP01002172	0	21474
NIGP01002047	0	21437
NIGP01001306	0	21423
NIGP01002244	0	21415
NIGP01002083	0	21385
NIGP01000409	0	21324
NIGP01002185	0	21262
NIGP01000664	0	21247
NIGP01000383	0	21231
NIGP01002223	0	21220
NIGP01002206	0	21194
NIGP01000259	0	21172
NIGP01000900	0	21135
NIGP01001923	0	21123
NIGP01001986	0	21104
NIGP01000957	0	21092
NIGP01000321	0	21064
NIGP01000890	0	21006
NIGP01002139	0	20987
NIGP01001357	0	20985
NIGP01001399	0	20962
NIGP01002257	0	20949
NIGP01000458	0	20929
NIGP01000434	0	20915
NIGP01001814	0	20911
NIGP01001289	0	20904
NIGP01001350	0	20903
NIGP01000607	0	20891
NIGP01001168	0	20881
NIGP01000119	0	20871
NIGP01000163	0	20849
NIGP01002212	0	20835
NIGP01000587	0	20801
NIGP01001668	0	20788
NIGP01002205	0	20732
NIGP01001855	0	20708
NIGP01000901	0	20706
NIGP01000494	0	20703
NIGP01002238	0	20606
NIGP01001093	0	20599
NIGP01000790	0	20536
NIGP01001651	0	20527
NIGP01001310	0	20525
NIGP01000923	0	20503
NIGP01000265	0	20492
NIGP01002028	0	20470
NIGP01001064	0	20453
NIGP01001921	0	20409
NIGP01001113	0	20404
NIGP01000275	0	20402
NIGP01001489	0	20390
NIGP01000789	0	20376
NIGP01000168	0	20301
NIGP01002309	0	20285
NIGP01001971	0	20282
NIGP01000915	0	20281
NIGP01000784	0	20255
NIGP01000949	0	20221
NIGP01001941	0	20216
NIGP01000091	0	20203
NIGP01001429	0	20168
NIGP01001172	0	20089
NIGP01000196	0	20019
NIGP01001342	0	19999
NIGP01001211	0	19981
NIGP01001355	0	19942
NIGP01001319	0	19917
NIGP01001466	0	19887
NIGP01001366	0	19829
NIGP01001419	0	19822
NIGP01001321	0	19809
NIGP01001603	0	19710
NIGP01001254	0	19559
NIGP01001285	0	19557
NIGP01001202	0	19535
NIGP01001444	0	19534
NIGP01001180	0	19498
NIGP01001169	0	19484
NIGP01001151	0	19445
NIGP01000337	0	19404
NIGP01001138	0	19372
NIGP01001479	0	19358
NIGP01001134	0	19253
NIGP01000045	0	19240
NIGP01001160	0	19222
NIGP01000831	0	19219
NIGP01001472	0	19168
NIGP01001320	0	19124
NIGP01001100	0	19100
NIGP01001835	0	19087
NIGP01000354	0	19073
NIGP01001331	0	19013
NIGP01001256	0	18998
NIGP01001215	0	18966
NIGP01001451	0	18949
NIGP01001324	0	18901
NIGP01001442	0	18885
NIGP01001129	0	18882
NIGP01001203	0	18881
NIGP01001460	0	18862
NIGP01001245	0	18830
NIGP01000749	0	18778
NIGP01001214	0	18778
NIGP01000723	0	18737
NIGP01001208	0	18718
NIGP01002291	0	18633
NIGP01001250	0	18560
NIGP01001290	0	18467
NIGP01001149	0	18451
NIGP01001205	0	18355
NIGP01001456	0	18319
NIGP01001427	0	18225
NIGP01001330	0	18143
NIGP01001218	0	18137
NIGP01001304	0	18103
NIGP01002250	0	18074
NIGP01000062	0	18023
NIGP01001826	0	18020
NIGP01001150	0	18005
NIGP01001291	0	17980
NIGP01001187	0	17898
NIGP01001136	0	17897
NIGP01001264	0	17878
NIGP01000634	0	17873
NIGP01001375	0	17837
NIGP01001433	0	17828
NIGP01001337	0	17808
NIGP01001374	0	17768
NIGP01001265	0	17689
NIGP01001410	0	17687
NIGP01000390	0	17686
NIGP01001443	0	17638
NIGP01001487	0	17615
NIGP01000869	0	17613
NIGP01001272	0	17587
NIGP01001423	0	17586
NIGP01001891	0	17578
NIGP01001140	0	17544
NIGP01000355	0	17500
NIGP01002210	0	17500
NIGP01001398	0	17497
NIGP01001349	0	17486
NIGP01001416	0	17456
NIGP01001106	0	17423
NIGP01001295	0	17307
NIGP01001139	0	17285
NIGP01001325	0	17276
NIGP01001239	0	17240
NIGP01001251	0	17224
NIGP01001511	0	17175
NIGP01001099	0	17116
NIGP01001340	0	17116
NIGP01001209	0	17065
NIGP01001120	0	17058
NIGP01001397	0	17031
NIGP01002032	0	17031
NIGP01001362	0	17009
NIGP01001221	0	16980
NIGP01000536	0	16978
NIGP01001873	0	16960
NIGP01001242	0	16925
NIGP01001121	0	16849
NIGP01001358	0	16839
NIGP01001282	0	16802
MT	0	16790
NIGP01002073	0	16785
NIGP01001449	0	16730
NIGP01001818	0	16706
NIGP01001107	0	16651
NIGP01001344	0	16644
NIGP01001185	0	16632
NIGP01001162	0	16560
NIGP01000726	0	16530
NIGP01001360	0	16524
NIGP01001009	0	16522
NIGP01001318	0	16518
NIGP01000444	0	16500
NIGP01001101	0	16476
NIGP01000169	0	16473
NIGP01001454	0	16422
NIGP01001234	0	16395
NIGP01001303	0	16322
NIGP01001483	0	16294
NIGP01001286	0	16167
NIGP01001117	0	16139
NIGP01001391	0	16128
NIGP01001112	0	16110
NIGP01001111	0	16105
NIGP01001371	0	16069
NIGP01001539	0	16062
NIGP01001368	0	16040
NIGP01002211	0	16024
NIGP01001252	0	16015
NIGP01001386	0	15994
NIGP01001247	0	15923
NIGP01001948	0	15917
NIGP01001197	0	15916
NIGP01001249	0	15713
NIGP01001125	0	15666
NIGP01001161	0	15629
NIGP01001405	0	15570
NIGP01001165	0	15510
NIGP01001402	0	15459
NIGP01001420	0	15380
NIGP01001220	0	15303
NIGP01001432	0	15280
NIGP01001102	0	15263
NIGP01001477	0	15244
NIGP01001191	0	15207
NIGP01000161	0	15194
NIGP01002220	0	15174
NIGP01001425	0	15122
NIGP01001462	0	15028
NIGP01001288	0	15000
NIGP01001484	0	14974
NIGP01001457	0	14951
NIGP01001478	0	14837
NIGP01001144	0	14818
NIGP01001268	0	14802
NIGP01001474	0	14777
NIGP01001379	0	14766
NIGP01001147	0	14716
NIGP01001467	0	14674
NIGP01001269	0	14641
NIGP01001148	0	14601
NIGP01001394	0	14580
NIGP01001263	0	14574
NIGP01001131	0	14559
NIGP01000037	0	14504
NIGP01001886	0	14488
NIGP01001313	0	14463
NIGP01001365	0	14462
NIGP01001384	0	14381
NIGP01001300	0	14310
NIGP01001109	0	14305
NIGP01001309	0	14279
NIGP01001133	0	14194
NIGP01001171	0	14186
NIGP01001434	0	14084
NIGP01001465	0	14032
NIGP01001105	0	14000
NIGP01002213	0	13981
NIGP01001450	0	13975
NIGP01001468	0	13924
NIGP01001159	0	13908
NIGP01001253	0	13902
NIGP01002299	0	13897
NIGP01000008	0	13849
NIGP01001115	0	13833
NIGP01001412	0	13785
NIGP01001378	0	13773
NIGP01001453	0	13771
NIGP01001888	0	13752
NIGP01001271	0	13715
NIGP01001284	0	13684
NIGP01001336	0	13672
NIGP01001463	0	13647
NIGP01001353	0	13626
NIGP01001311	0	13539
NIGP01001570	0	13536
NIGP01001157	0	13532
NIGP01001314	0	13517
NIGP01002197	0	13498
NIGP01001339	0	13493
NIGP01001471	0	13479
NIGP01000774	0	13430
NIGP01001494	0	13401
NIGP01002225	0	13384
NIGP01000880	0	13327
NIGP01001193	0	13307
NIGP01001476	0	13266
NIGP01001118	0	13216
NIGP01001436	0	13178
NIGP01001188	0	13079
NIGP01001600	0	13013
NIGP01002175	0	13000
NIGP01000510	0	12886
NIGP01001486	0	12867
NIGP01001128	0	12833
NIGP01001372	0	12717
NIGP01001428	0	12607
NIGP01001255	0	12529
NIGP01000018	0	12500
NIGP01001361	0	12481
NIGP01001445	0	12312
NIGP01001424	0	12281
NIGP01001192	0	12275
NIGP01001132	0	12247
NIGP01001277	0	12204
NIGP01001334	0	12187
NIGP01000503	0	12183
NIGP01001135	0	12159
NIGP01001367	0	12099
NIGP01001322	0	12074
NIGP01001154	0	12045
NIGP01001851	0	12024
NIGP01001459	0	12004
NIGP01001473	0	11992
NIGP01001390	0	11985
NIGP01001200	0	11979
NIGP01001155	0	11968
NIGP01001126	0	11931
NIGP01001389	0	11894
NIGP01001475	0	11826
NIGP01001409	0	11756
NIGP01002280	0	11735
NIGP01001123	0	11693
NIGP01001387	0	11624
NIGP01001435	0	11611
NIGP01001122	0	11576
NIGP01001246	0	11536
NIGP01001194	0	11525
NIGP01001189	0	11462
NIGP01001166	0	11422
NIGP01001352	0	11422
NIGP01001388	0	11383
NIGP01001481	0	11355
NIGP01001167	0	11296
NIGP01001918	0	11245
NIGP01000050	0	11166
NIGP01001280	0	11129
NIGP01002277	0	11087
NIGP01001917	0	11000
NIGP01001307	0	10905
NIGP01001156	0	10864
NIGP01001464	0	10819
NIGP01002254	0	10807
NIGP01001127	0	10639
NIGP01000836	0	10614
NIGP01001911	0	10517
NIGP01001235	0	10498
NIGP01001225	0	10255
NIGP01001098	0	10223
NIGP01001490	0	10030
NIGP01001260	0	9941
NIGP01001158	0	9878
NIGP01001720	0	9845
NIGP01001103	0	9795
NIGP01001175	0	9618
NIGP01001186	0	9587
NIGP01000903	0	9517
NIGP01001754	0	9223
NIGP01001137	0	9217
NIGP01001675	0	9180
NIGP01001904	0	9152
NIGP01001346	0	9138
NIGP01002161	0	9102
NIGP01000908	0	9010
NIGP01000243	0	9000
NIGP01001613	0	9000
NIGP01001980	0	9000
NIGP01002235	0	9000
NIGP01001629	0	8969
NIGP01000178	0	8945
NIGP01001385	0	8942
NIGP01001411	0	8936
NIGP01001829	0	8807
NIGP01001393	0	8662
NIGP01001116	0	8613
NIGP01001333	0	8520
NIGP01001170	0	8436
NIGP01001219	0	8206
NIGP01001279	0	8194
NIGP01000303	0	8171
NIGP01001657	0	8127
NIGP01001164	0	8045
NIGP01000174	0	8043
NIGP01001380	0	8005
NIGP01000785	0	8000
NIGP01002302	0	7891
NIGP01001244	0	7801
NIGP01000911	0	7500
NIGP01002245	0	7500
NIGP01001863	0	7467
NIGP01001461	0	7444
NIGP01000858	0	7023
NIGP01002256	0	6964
NIGP01001266	0	6771
NIGP01002267	0	6744
NIGP01001298	0	6721
NIGP01001297	0	6681
NIGP01000764	0	6626
NIGP01000044	0	6507
NIGP01002226	0	6501
NIGP01000842	0	6384
NIGP01001326	0	6334
NIGP01000766	0	6107
NIGP01001241	0	6091
NIGP01000158	0	6000
NIGP01000255	0	6000
NIGP01000302	0	6000
NIGP01000879	0	6000
NIGP01001176	0	5989
NIGP01000128	0	5955
NIGP01001347	0	5865
NIGP01001207	0	5779
NIGP01001323	0	5769
NIGP01002249	0	5639
NIGP01000800	0	5509
NIGP01000286	0	5507
NIGP01000875	0	5500
NIGP01001441	0	5433
NIGP01002091	0	5373
NIGP01000173	0	5197
NIGP01000902	0	5002
NIGP01000013	0	5000
NIGP01000118	0	5000
NIGP01000985	0	5000
NIGP01000987	0	5000
NIGP01001528	0	5000
NIGP01002002	0	5000
NIGP01002246	0	5000
NIGP01002266	0	5000
NIGP01002208	0	4645
NIGP01001488	0	4504
NIGP01000057	0	4500
NIGP01000388	0	4500
NIGP01000678	0	4500
NIGP01001545	0	4500
NIGP01001848	0	4500
NIGP01002239	0	4500
NIGP01001455	0	4409
NIGP01001182	0	4196
NIGP01000837	0	4000
NIGP01000867	0	4000
NIGP01001598	0	4000
NIGP01001896	0	4000
NIGP01001966	0	4000
NIGP01002074	0	4000
NIGP01001315	0	3951
NIGP01001258	0	3670
NIGP01000272	0	3500
NIGP01000392	0	3500
NIGP01000454	0	3500
NIGP01000753	0	3500
NIGP01000881	0	3500
NIGP01001815	0	3500
NIGP01002248	0	3500
NIGP01002255	0	3500
NIGP01001231	0	3456
NIGP01001094	0	3382
NIGP01001212	0	3038
NIGP01001027	0	3033
NIGP01000070	0	3000
NIGP01000380	0	3000
NIGP01001065	0	3000
NIGP01001493	0	3000
NIGP01001602	0	3000
NIGP01001751	0	3000
NIGP01001834	0	3000
NIGP01001857	0	3000
NIGP01002022	0	3000
NIGP01002183	0	3000
NIGP01001223	0	2831
NIGP01001505	0	2628
NIGP01001809	0	2502
NIGP01000016	0	2500
NIGP01000032	0	2500
NIGP01000323	0	2500
NIGP01000387	0	2500
NIGP01000399	0	2500
NIGP01000425	0	2500
NIGP01000511	0	2500
NIGP01000828	0	2500
NIGP01000857	0	2500
NIGP01000945	0	2500
NIGP01001048	0	2500
NIGP01001608	0	2500
NIGP01001884	0	2500
NIGP01002104	0	2500
NIGP01002184	0	2500
NIGP01002201	0	2500
NIGP01001395	0	2205
NIGP01000026	0	2064
NIGP01000175	0	2000
NIGP01000276	0	2000
NIGP01000301	0	2000
NIGP01000307	0	2000
NIGP01000311	0	2000
NIGP01000393	0	2000
NIGP01000429	0	2000
NIGP01000493	0	2000
NIGP01000542	0	2000
NIGP01000682	0	2000
NIGP01000722	0	2000
NIGP01000725	0	2000
NIGP01000748	0	2000
NIGP01000956	0	2000
NIGP01001007	0	2000
NIGP01001638	0	2000
NIGP01001658	0	2000
NIGP01001721	0	2000
NIGP01001753	0	2000
NIGP01001849	0	2000
NIGP01002160	0	2000
NIGP01002232	0	2000
NIGP01000643	0	1753
NIGP01000007	0	1500
NIGP01000022	0	1500
NIGP01000146	0	1500
NIGP01000215	0	1500
NIGP01000769	0	1500
NIGP01001796	0	1500
NIGP01001869	0	1500
NIGP01001885	0	1500
NIGP01002159	0	1500
NIGP01002173	0	1500
NIGP01002216	0	1500
NIGP01002261	0	1500
NIGP01002293	0	1500
NIGP01000534	0	1496
NIGP01000019	0	1000
NIGP01000038	0	1000
NIGP01000097	0	1000
NIGP01000099	0	1000
NIGP01000278	0	1000
NIGP01000336	0	1000
NIGP01000366	0	1000
NIGP01000535	0	1000
NIGP01000720	0	1000
NIGP01000777	0	1000
NIGP01000815	0	1000
NIGP01000820	0	1000
NIGP01000853	0	1000
NIGP01000854	0	1000
NIGP01000899	0	1000
NIGP01000924	0	1000
NIGP01001569	0	1000
NIGP01001586	0	1000
NIGP01001780	0	1000
NIGP01001797	0	1000
NIGP01001892	0	1000
NIGP01002072	0	1000
NIGP01002149	0	1000
NIGP01002192	0	1000
NIGP01002218	0	1000
NIGP01000021	0	500
NIGP01000229	0	500
NIGP01000405	0	500
NIGP01000468	0	500
NIGP01000810	0	500
NIGP01002282	0	500
